kid cudi+day 'n' nite,kid cudi,day 'n' nite,"['verse', 'nite', 'toss', 'turn', 'keep', 'stressin', 'mind', 'mind', 'look', 'peace', 'dont', 'attain', 'need', 'keeps', 'silly', 'game', 'play', 'play', 'look', 'madness', 'magnet', 'keeps', 'attracting', 'fast', 'think', 'first', 'surely', 'finish', 'last', 'last', 'chorus', 'cause', 'nite', 'lonely', 'loner', 'seems', 'free', 'mind', 'nite', 'alone', 'nite', 'lonely', 'loner', 'seems', 'free', 'mind', 'nite', 'nite', 'nite', 'lonely', 'loner', 'seems', 'free', 'mind', 'nite', 'alone', 'things', 'never', 'change', 'lonely', 'loner', 'seems', 'free', 'mind', 'nite', 'nite', 'verse', 'hold', 'phone', 'lonely', 'stoner', 'missed', 'solo', 'move', 'cant', 'seem', 'shake', 'shake', 'within', 'dreams', 'sees', 'life', 'made', 'made', 'pain', 'deep', 'silent', 'sleeper', 'wont', 'hear', 'peep', 'peep', 'girl', 'wants', 'dont', 'seem', 'want', 'seems', 'feelings', 'chorus', 'cause', 'nite', 'lonely', 'loner', 'seems', 'free', 'mind', 'nite', 'alone', 'nite', 'lonely', 'loner', 'seems', 'free', 'mind', 'nite', 'nite', 'nite', 'lonely', 'loner', 'seems', 'free', 'mind', 'nite', 'alone', 'things', 'never', 'change', 'lonely', 'loner', 'seems', 'free', 'mind', 'nite', 'nite', 'verse', 'slow', 'tempo', 'slows', 'creates', 'seems', 'alive', 'though', 'feelin', 'blue', 'shinin', 'super', 'cool', 'cool', 'lonely', 'nites', 'fade', 'away', 'slips', 'white', 'nikes', 'smokes', 'clip', 'free', 'mind', 'search', 'free', 'mind', 'search', 'free', 'mind', 'search', 'chorus', 'nite', 'lonely', 'loner', 'seems', 'free', 'mind', 'nite', 'alone', 'nite', 'lonely', 'loner', 'seems', 'free', 'mind', 'nite', 'nite', 'nite', 'lonely', 'stoner', 'seems', 'free', 'mind', 'nite', 'alone', 'things', 'never', 'change', 'lonely', 'loner', 'seems', 'free', 'mind', 'night', 'night']"
kid cudi+make her say,kid cudi,make her say,"['feat', 'kanye', 'west', 'common', 'cudi', 'make', 'lady', 'gaga', 'poker', 'face', 'poker', 'face', 'make', 'ohwhat', 'poker', 'face', 'first', 'poker', 'face', 'cudi', 'wanna', 'whatever', 'like', 'bring', 'friend', 'hell', 'night', 'mean', 'stand', 'like', 'grouper', 'cause', 'gotta', 'beeper', 'mean', 'prime', 'might', 'sayin', 'aint', 'joggin', 'either', 'girl', 'gotta', 'phat', 'yeah', 'type', 'make', 'tell', 'bitch', 'dance', 'fuck', 'otha', 'niggas', 'cause', 'bitches', 'fuck', 'otha', 'niggas', 'cause', 'stickin', 'fuck', 'otha', 'niggas', 'cause', 'hope', 'lickin', 'fuck', 'otha', 'bitches', 'cause', 'trickin', 'hoping', 'rider', 'said', 'done', 'spit', 'swallow', 'nooow', 'aint', 'trip', 'bout', 'niggas', 'like', 'cause', 'mommy', 'know', 'could', 'really', 'make', 'lady', 'gaga', 'poker', 'face', 'poker', 'face', 'make', 'ohwhen', 'poker', 'face', 'poker', 'face', 'kanye', 'west', 'want', 'whatever', 'like', 'gonna', 'bring', 'friend', 'gonna', 'hell', 'night', 'made', 'hold', 'upyea', 'born', '88word', 'thatdamn', 'enough', 'seniority', 'sorority', 'explains', 'love', 'college', 'getting', 'brain', 'library', 'cause', 'love', 'knowledge', 'used', 'medulla', 'oblongata', 'give', 'scoliosis', 'comatosest', 'sleep', 'yeah', 'osmosis', 'thats', 'commandment', 'aint', 'gotta', 'moses', 'champagne', 'toastest', 'damn', 'planes', 'coastest', 'fuck', 'benz', 'parked', 'like', 'rosa', 'lady', 'gaga', 'poker', 'face', 'poker', 'face', 'make', 'ohwhen', 'poker', 'face', 'poker', 'facei', 'make', 'common', 'said', 'want', 'whatever', 'like', 'gotta', 'bring', 'friend', 'hell', 'night', 'blamed', 'alcohol', 'hair', 'bound', 'fall', 'damn', 'cudi', 'already', 'said', 'poker', 'face', 'book', 'already', 'read', 'head', 'gooder', 'music', 'electro', 'body', 'known', 'blow', 'fuses', 'stripper', 'south', 'lookin', 'payday', 'said', 'bitch', 'love', 'like', 'conscious', 'head', 'right', 'conscious', 'dick', 'embody', 'everything', 'godly', 'party', 'raised', 'southside', 'safari', 'lady', 'gaga', 'poker', 'face', 'poker', 'face', 'make', 'ohwhen', 'poker', 'face', 'poker', 'facei', 'make', 'lady', 'gaga', 'cant', 'read', 'cant', 'read', 'cant', 'read', 'poker', 'face', 'shes', 'like', 'nobody']"
kid cudi+she came along,kid cudi,she came along,"['strange', 'stopped', 'loving', 'loving', 'stopped', 'needing', 'needing', 'came', 'along', 'strange', 'changed', 'like', 'night', 'night', 'walked', 'away', 'walked', 'away', 'came', 'along', 'baby', 'baby', 'upset', 'know', 'shady', 'blame', 'like', 'fugazy', 'work', 'lazy', 'sayin', 'shame', 'left', 'chick', 'double', 'separate', 'like', 'siamese', 'didnt', 'anybody', 'tell', 'better', 'threes', 'reason', 'knock', 'kneed', 'tell', 'homie', 'zulee', 'wouldnt', 'knock', 'tell', 'lies', 'youre', 'sloppy', 'leave', 'friends', 'jock', 'understand', 'know', 'please', 'understand', 'lovin', 'tease', 'right', 'mind', 'probably', 'leave', 'cant', 'three', 'peoples', 'strange', 'stopped', 'loving', 'loving', 'stopped', 'needing', 'needing', 'came', 'along', 'strange', 'changed', 'like', 'night', 'night', 'walked', 'away', 'walked', 'away', 'came', 'along', 'please', 'listen', 'dont', 'baby', 'live', 'life', 'fine', 'ladies', 'heads', 'better', 'gave', 'messed', 'stressin', 'lately', 'please', 'tell', 'know', 'gotta', 'feel', 'feel', 'imagine', 'lounging', 'together', 'feel', 'feel', 'feel', 'love', 'triangle', 'love', 'angles', 'spend', 'time', 'wont', 'trip', 'spazz', 'long', 'home', 'freak', 'friends', 'know', 'exactly', 'bout', 'heavy', 'living', 'dreams', 'sexy', 'know', 'probably', 'think', 'stress', 'free', 'without', 'ever', 'left', 'never', 'better', 'youll', 'miss', 'baby', 'baby', 'talk', 'tell', 'lets', 'work', 'baby', 'need', 'baby', 'yall', 'baby', 'need', 'baby', 'yall', 'need', 'baby', 'take', 'hand', 'baby', 'girl', 'lets', 'roll', 'make', 'feel', 'okay', 'take', 'hand', 'make', 'feel', 'okay', 'okay', 'strange', 'stopped', 'loving', 'loving', 'stopped', 'needing', 'needing', 'came', 'along', 'strange', 'changed', 'like', 'night', 'night', 'walked', 'away', 'walked', 'away', 'came', 'along', 'strange', 'stopped', 'loving', 'loving', 'stopped', 'needing', 'needing', 'came', 'along', 'strange', 'changed', 'like', 'night', 'night', 'walked', 'away', 'walked', 'away', 'came', 'along']"
lorde+tennis court,lorde,tennis court,"['dont', 'think', 'boring', 'people', 'talk', 'making', 'smart', 'words', 'well', 'bored', 'thrill', 'killing', 'never', 'chasing', 'million', 'things', 'want', 'young', 'minute', 'full', 'getting', 'pumped', 'little', 'bright', 'things', 'bought', 'know', 'theyll', 'never', 'yeah', 'baby', 'class', 'clown', 'beauty', 'queen', 'tears', 'form', 'showing', 'people', 'little', 'care', 'yeah', 'happy', 'even', 'smiling', 'fear', 'lets', 'tennis', 'court', 'talk', 'like', 'yeah', 'yeah', 'pretty', 'soon', 'getting', 'first', 'plane', 'veins', 'city', 'like', 'space', 'heads', 'filling', 'fast', 'wicked', 'games', 'flames', 'known', 'boys', 'trip', 'heads', 'loving', 'everythings', 'cool', 'line', 'throne', 'know', 'forever', 'yeah', 'baby', 'class', 'clown', 'beauty', 'queen', 'tears', 'form', 'showing', 'people', 'little', 'care', 'yeah', 'happy', 'even', 'smiling', 'fear', 'lets', 'tennis', 'court', 'talk', 'like', 'yeah', 'yeah', 'looked', 'alright', 'pictures', 'yeah', 'getting', 'caughts', 'trip', 'though', 'isnt', 'yeah', 'fall', 'apart', 'heart', 'yeah', 'could', 'watch', 'window', 'yeah', 'could', 'watch', 'window', 'baby', 'class', 'clown', 'beauty', 'queen', 'tears', 'form', 'showing', 'people', 'little', 'care', 'yeah', 'happy', 'even', 'smiling', 'fear', 'lets', 'tennis', 'court', 'talk', 'like', 'yeah', 'yeah', 'talk', 'like', 'yeah', 'yeah', 'talk', 'like', 'yeah', 'yeah', 'lets', 'tennis', 'court', 'talk', 'like', 'yeah', 'yeah', 'talk', 'like', 'yeah', 'yeah', 'talk', 'like', 'yeah', 'yeah', 'lets', 'tennis', 'court', 'talk', 'like', 'yeah', 'yeah']"
kid cudi+day 'n' nite,kid cudi,day 'n' nite,"['verse', 'nite', 'toss', 'turn', 'keep', 'stressin', 'mind', 'mind', 'look', 'peace', 'dont', 'attain', 'need', 'keeps', 'silly', 'game', 'play', 'play', 'look', 'madness', 'magnet', 'keeps', 'attracting', 'fast', 'think', 'first', 'surely', 'finish', 'last', 'last', 'chorus', 'cause', 'nite', 'lonely', 'loner', 'seems', 'free', 'mind', 'nite', 'alone', 'nite', 'lonely', 'loner', 'seems', 'free', 'mind', 'nite', 'nite', 'nite', 'lonely', 'loner', 'seems', 'free', 'mind', 'nite', 'alone', 'things', 'never', 'change', 'lonely', 'loner', 'seems', 'free', 'mind', 'nite', 'nite', 'verse', 'hold', 'phone', 'lonely', 'stoner', 'missed', 'solo', 'move', 'cant', 'seem', 'shake', 'shake', 'within', 'dreams', 'sees', 'life', 'made', 'made', 'pain', 'deep', 'silent', 'sleeper', 'wont', 'hear', 'peep', 'peep', 'girl', 'wants', 'dont', 'seem', 'want', 'seems', 'feelings', 'chorus', 'cause', 'nite', 'lonely', 'loner', 'seems', 'free', 'mind', 'nite', 'alone', 'nite', 'lonely', 'loner', 'seems', 'free', 'mind', 'nite', 'nite', 'nite', 'lonely', 'loner', 'seems', 'free', 'mind', 'nite', 'alone', 'things', 'never', 'change', 'lonely', 'loner', 'seems', 'free', 'mind', 'nite', 'nite', 'verse', 'slow', 'tempo', 'slows', 'creates', 'seems', 'alive', 'though', 'feelin', 'blue', 'shinin', 'super', 'cool', 'cool', 'lonely', 'nites', 'fade', 'away', 'slips', 'white', 'nikes', 'smokes', 'clip', 'free', 'mind', 'search', 'free', 'mind', 'search', 'free', 'mind', 'search', 'chorus', 'nite', 'lonely', 'loner', 'seems', 'free', 'mind', 'nite', 'alone', 'nite', 'lonely', 'loner', 'seems', 'free', 'mind', 'nite', 'nite', 'nite', 'lonely', 'stoner', 'seems', 'free', 'mind', 'nite', 'alone', 'things', 'never', 'change', 'lonely', 'loner', 'seems', 'free', 'mind', 'night', 'night']"
lorde+royals,lorde,royals,"['never', 'seen', 'diamond', 'flesh', 'teeth', 'wedding', 'rings', 'movies', 'proud', 'address', 'torn', 'town', 'post', 'code', 'envy', 'every', 'songs', 'like', 'gold', 'teeth', 'grey', 'goose', 'trippin', 'bathroom', 'blood', 'stains', 'ball', 'gowns', 'trashin', 'hotel', 'room', 'dont', 'care', 'driving', 'cadillacs', 'dreams', 'everybodys', 'like', 'crystal', 'maybach', 'diamonds', 'time', 'piece', 'planes', 'islands', 'tigers', 'gold', 'leash', 'dont', 'care', 'arent', 'caught', 'love', 'affair', 'well', 'never', 'royals', 'royals', 'dont', 'blood', 'kind', 'aint', 'crave', 'different', 'kind', 'buzz', 'ruler', 'ruler', 'call', 'queen', 'baby', 'rule', 'rule', 'rule', 'rule', 'live', 'fantasy', 'friends', 'weve', 'cracked', 'code', 'count', 'dollars', 'train', 'party', 'everyone', 'knows', 'knows', 'fine', 'didnt', 'come', 'money', 'every', 'songs', 'like', 'gold', 'teeth', 'grey', 'goose', 'trippin', 'bathroom', 'blood', 'stains', 'ball', 'gowns', 'trashin', 'hotel', 'room', 'dont', 'care', 'driving', 'cadillacs', 'dreams', 'everybodys', 'like', 'crystal', 'maybach', 'diamonds', 'time', 'piece', 'planes', 'islands', 'tigers', 'gold', 'leash', 'dont', 'care', 'arent', 'caught', 'love', 'affair', 'well', 'never', 'royals', 'royals', 'dont', 'blood', 'kind', 'aint', 'crave', 'different', 'kind', 'buzz', 'ruler', 'ruler', 'call', 'queen', 'baby', 'rule', 'rule', 'rule', 'rule', 'live', 'fantasy', 'oooh', 'ooooh', 'ohhh', 'bigger', 'ever', 'dreamed', 'love', 'queen', 'oooooh', 'ooooh', 'ohhhhh', 'life', 'game', 'without', 'care', 'arent', 'caught', 'love', 'affair', 'well', 'never', 'royals', 'royals', 'dont', 'blood', 'kind', 'aint', 'crave', 'different', 'kind', 'buzz', 'ruler', 'ruler', 'call', 'queen', 'baby', 'rule', 'rule', 'rule', 'rule', 'live', 'fantasy']"
lorde+team,lorde,team,"['wait', 'youre', 'announced', 'weve', 'lost', 'graces', 'hounds', 'stay', 'chains', 'look', 'upon', 'greatness', 'shell', 'send', 'call', 'send', 'call', 'send', 'call', 'send', 'call', 'send', 'call', 'send', 'call', 'send', 'call', 'send', 'call', 'send', 'call', 'send', 'call', 'send', 'call', 'send', 'call', 'send', 'call', 'send', 'call', 'send', 'call', 'send', 'call', 'call', 'ladies', 'theyre', 'finery', 'hundred', 'jewels', 'throats', 'hundred', 'jewels', 'teeth', 'bring', 'boys', 'skin', 'craters', 'like', 'moon', 'moon', 'love', 'like', 'brother', 'glows', 'room', 'dancing', 'around', 'lies', 'tell', 'dancing', 'around', 'eyes', 'well', 'even', 'comatose', 'dont', 'dance', 'tell', 'live', 'cities', 'youll', 'never', 'screen', 'pretty', 'sure', 'know', 'things', 'living', 'ruins', 'palace', 'within', 'dreams', 'know', 'others', 'team', 'kind', 'getting', 'told', 'throw', 'hands', 'cups', 'broke', 'shards', 'beneath', 'feet', 'wasnt', 'fault', 'everyones', 'competing', 'love', 'wont', 'receive', 'cause', 'palace', 'wants', 'release', 'live', 'cities', 'youll', 'never', 'screen', 'pretty', 'sure', 'know', 'things', 'living', 'ruins', 'palace', 'within', 'dreams', 'know', 'others', 'team', 'kind', 'getting', 'told', 'throw', 'hands', 'kind', 'older', 'reveled', 'without', 'care', 'live', 'cities', 'youll', 'never', 'screen', 'pretty', 'sure', 'know', 'things', 'living', 'ruins', 'palace', 'within', 'dreams', 'know', 'others', 'team', 'others', 'team', 'know', 'others', 'team', 'others', 'team', 'know', 'know', 'know']"
lorde+buzzcut season,lorde,buzzcut season,"['remember', 'head', 'caught', 'flame', 'kissed', 'scalp', 'caressed', 'brain', 'remember', 'head', 'caught', 'flame', 'well', 'laughed', 'baby', 'okay', 'buzzcut', 'season', 'anyway', 'well', 'laughed', 'baby', 'okay', 'explosions', 'girls', 'heads', 'inside', 'dream', 'live', 'beside', 'pool', 'everything', 'good', 'ride', 'knees', 'pulled', 'people', 'living', 'ride', 'knees', 'pulled', 'shut', 'eyes', 'song', 'plays', 'sometimes', 'sweet', 'taste', 'shut', 'eyes', 'song', 'plays', 'news', 'tell', 'lose', 'easy', 'blue', 'everything', 'good', 'never', 'home', 'place', 'call', 'feel', 'start', 'favorite', 'friend', 'nothings', 'nothings', 'true', 'live', 'hologram', 'things', 'breathe', 'goes', 'play', 'along', 'make', 'believe', 'hyper', 'real', 'live', 'hologram', 'cola', 'burnt', 'taste', 'tell', 'fears', 'therell', 'never', 'enough', 'explosions', 'girls', 'heads', 'inside', 'dream', 'live', 'beside', 'pool', 'everything', 'good', 'never', 'home', 'place', 'call', 'feel', 'start', 'favorite', 'friend', 'nothings', 'nothings', 'true', 'live', 'hologram', 'things', 'breathe', 'goes', 'play', 'along', 'make', 'believe', 'hyper', 'real', 'live', 'hologram']"
lorde+ribs,lorde,ribs,"['drink', 'spilt', 'lovers', 'spit', 'left', 'repeat', 'stay', 'home', 'drives', 'crazy', 'getting', 'talk', 'good', 'make', 'divine', 'talk', 'good', 'wish', 'would', 'time', 'drink', 'spilt', 'lovers', 'spit', 'left', 'repeat', 'stay', 'home', 'drives', 'crazy', 'getting', 'drink', 'spilt', 'lovers', 'spit', 'left', 'repeat', 'stay', 'home', 'drives', 'crazy', 'getting', 'dream', 'isnt', 'feeling', 'sweet', 'reeling', 'midnight', 'streets', 'never', 'felt', 'alone', 'feels', 'scary', 'getting', 'talk', 'good', 'make', 'divine', 'talk', 'good', 'wish', 'would', 'time', 'dream', 'isnt', 'feeling', 'sweet', 'reeling', 'midnight', 'streets', 'never', 'felt', 'alone', 'feels', 'scary', 'getting', 'dream', 'isnt', 'feeling', 'sweet', 'reeling', 'midnight', 'streets', 'never', 'felt', 'alone', 'feels', 'scary', 'getting', 'youre', 'friend', 'need', 'youre', 'friend', 'need', 'sharing', 'beds', 'like', 'little', 'kids', 'sharing', 'beds', 'like', 'kids', 'laugh', 'ribs', 'tough', 'soft', 'laugh', 'ribs', 'tough', 'soft', 'never', 'love', 'never', 'love', 'youre', 'friend', 'need', 'youre', 'friend', 'need', 'sharing', 'beds', 'like', 'little', 'kids', 'sharing', 'beds', 'like', 'kids', 'laugh', 'ribs', 'tough', 'soft', 'laugh', 'ribs', 'tough', 'soft', 'never', 'love', 'never', 'love', 'never', 'love', 'never', 'love', 'never', 'love']"
lorde+royals (ross horkings remix),lorde,royals (ross horkings remix),"['never', 'seen', 'diamond', 'flesh', 'teeth', 'wedding', 'rings', 'movies', 'proud', 'address', 'torn', 'town', 'post', 'code', 'envy', 'every', 'songs', 'like', 'gold', 'teeth', 'grey', 'goose', 'trippin', 'bathroom', 'blood', 'stains', 'ball', 'gowns', 'trashin', 'hotel', 'room', 'dont', 'care', 'driving', 'cadillacs', 'dreams', 'everybodys', 'like', 'crystal', 'maybach', 'diamonds', 'time', 'piece', 'planes', 'islands', 'tigers', 'gold', 'leash', 'dont', 'care', 'arent', 'caught', 'love', 'affair', 'well', 'never', 'royals', 'royals', 'dont', 'blood', 'kind', 'aint', 'crave', 'different', 'kind', 'buzz', 'ruler', 'ruler', 'call', 'queen', 'baby', 'rule', 'rule', 'rule', 'rule', 'live', 'fantasy', 'friends', 'weve', 'cracked', 'code', 'count', 'dollars', 'train', 'party', 'everyone', 'knows', 'knows', 'fine', 'didnt', 'come', 'money', 'every', 'songs', 'like', 'gold', 'teeth', 'grey', 'goose', 'trippin', 'bathroom', 'blood', 'stains', 'ball', 'gowns', 'trashin', 'hotel', 'room', 'dont', 'care', 'driving', 'cadillacs', 'dreams', 'everybodys', 'like', 'crystal', 'maybach', 'diamonds', 'time', 'piece', 'planes', 'islands', 'tigers', 'gold', 'leash', 'dont', 'care', 'arent', 'caught', 'love', 'affair', 'well', 'never', 'royals', 'royals', 'dont', 'blood', 'kind', 'aint', 'crave', 'different', 'kind', 'buzz', 'ruler', 'ruler', 'call', 'queen', 'baby', 'rule', 'rule', 'rule', 'rule', 'live', 'fantasy', 'oooh', 'ooooh', 'ohhh', 'bigger', 'ever', 'dreamed', 'love', 'queen', 'oooooh', 'ooooh', 'ohhhhh', 'life', 'game', 'without', 'care', 'arent', 'caught', 'love', 'affair', 'well', 'never', 'royals', 'royals', 'dont', 'blood', 'kind', 'aint', 'crave', 'different', 'kind', 'buzz', 'ruler', 'ruler', 'call', 'queen', 'baby', 'rule', 'rule', 'rule', 'rule', 'live', 'fantasy']"
Kid Cudi+day 'n' nite,Kid Cudi,day 'n' nite,"['verse', 'nite', 'toss', 'turn', 'keep', 'stressin', 'mind', 'mind', 'look', 'peace', 'dont', 'attain', 'need', 'keeps', 'silly', 'game', 'play', 'play', 'look', 'madness', 'magnet', 'keeps', 'attracting', 'fast', 'think', 'first', 'surely', 'finish', 'last', 'last', 'chorus', 'cause', 'nite', 'lonely', 'loner', 'seems', 'free', 'mind', 'nite', 'alone', 'nite', 'lonely', 'loner', 'seems', 'free', 'mind', 'nite', 'nite', 'nite', 'lonely', 'loner', 'seems', 'free', 'mind', 'nite', 'alone', 'things', 'never', 'change', 'lonely', 'loner', 'seems', 'free', 'mind', 'nite', 'nite', 'verse', 'hold', 'phone', 'lonely', 'stoner', 'missed', 'solo', 'move', 'cant', 'seem', 'shake', 'shake', 'within', 'dreams', 'sees', 'life', 'made', 'made', 'pain', 'deep', 'silent', 'sleeper', 'wont', 'hear', 'peep', 'peep', 'girl', 'wants', 'dont', 'seem', 'want', 'seems', 'feelings', 'chorus', 'cause', 'nite', 'lonely', 'loner', 'seems', 'free', 'mind', 'nite', 'alone', 'nite', 'lonely', 'loner', 'seems', 'free', 'mind', 'nite', 'nite', 'nite', 'lonely', 'loner', 'seems', 'free', 'mind', 'nite', 'alone', 'things', 'never', 'change', 'lonely', 'loner', 'seems', 'free', 'mind', 'nite', 'nite', 'verse', 'slow', 'tempo', 'slows', 'creates', 'seems', 'alive', 'though', 'feelin', 'blue', 'shinin', 'super', 'cool', 'cool', 'lonely', 'nites', 'fade', 'away', 'slips', 'white', 'nikes', 'smokes', 'clip', 'free', 'mind', 'search', 'free', 'mind', 'search', 'free', 'mind', 'search', 'chorus', 'nite', 'lonely', 'loner', 'seems', 'free', 'mind', 'nite', 'alone', 'nite', 'lonely', 'loner', 'seems', 'free', 'mind', 'nite', 'nite', 'nite', 'lonely', 'stoner', 'seems', 'free', 'mind', 'nite', 'alone', 'things', 'never', 'change', 'lonely', 'loner', 'seems', 'free', 'mind', 'night', 'night']"
Kid Cudi+make her say,Kid Cudi,make her say,"['feat', 'kanye', 'west', 'common', 'cudi', 'make', 'lady', 'gaga', 'poker', 'face', 'poker', 'face', 'make', 'ohwhat', 'poker', 'face', 'first', 'poker', 'face', 'cudi', 'wanna', 'whatever', 'like', 'bring', 'friend', 'hell', 'night', 'mean', 'stand', 'like', 'grouper', 'cause', 'gotta', 'beeper', 'mean', 'prime', 'might', 'sayin', 'aint', 'joggin', 'either', 'girl', 'gotta', 'phat', 'yeah', 'type', 'make', 'tell', 'bitch', 'dance', 'fuck', 'otha', 'niggas', 'cause', 'bitches', 'fuck', 'otha', 'niggas', 'cause', 'stickin', 'fuck', 'otha', 'niggas', 'cause', 'hope', 'lickin', 'fuck', 'otha', 'bitches', 'cause', 'trickin', 'hoping', 'rider', 'said', 'done', 'spit', 'swallow', 'nooow', 'aint', 'trip', 'bout', 'niggas', 'like', 'cause', 'mommy', 'know', 'could', 'really', 'make', 'lady', 'gaga', 'poker', 'face', 'poker', 'face', 'make', 'ohwhen', 'poker', 'face', 'poker', 'face', 'kanye', 'west', 'want', 'whatever', 'like', 'gonna', 'bring', 'friend', 'gonna', 'hell', 'night', 'made', 'hold', 'upyea', 'born', '88word', 'thatdamn', 'enough', 'seniority', 'sorority', 'explains', 'love', 'college', 'getting', 'brain', 'library', 'cause', 'love', 'knowledge', 'used', 'medulla', 'oblongata', 'give', 'scoliosis', 'comatosest', 'sleep', 'yeah', 'osmosis', 'thats', 'commandment', 'aint', 'gotta', 'moses', 'champagne', 'toastest', 'damn', 'planes', 'coastest', 'fuck', 'benz', 'parked', 'like', 'rosa', 'lady', 'gaga', 'poker', 'face', 'poker', 'face', 'make', 'ohwhen', 'poker', 'face', 'poker', 'facei', 'make', 'common', 'said', 'want', 'whatever', 'like', 'gotta', 'bring', 'friend', 'hell', 'night', 'blamed', 'alcohol', 'hair', 'bound', 'fall', 'damn', 'cudi', 'already', 'said', 'poker', 'face', 'book', 'already', 'read', 'head', 'gooder', 'music', 'electro', 'body', 'known', 'blow', 'fuses', 'stripper', 'south', 'lookin', 'payday', 'said', 'bitch', 'love', 'like', 'conscious', 'head', 'right', 'conscious', 'dick', 'embody', 'everything', 'godly', 'party', 'raised', 'southside', 'safari', 'lady', 'gaga', 'poker', 'face', 'poker', 'face', 'make', 'ohwhen', 'poker', 'face', 'poker', 'facei', 'make', 'lady', 'gaga', 'cant', 'read', 'cant', 'read', 'cant', 'read', 'poker', 'face', 'shes', 'like', 'nobody']"
Kid Cudi+she came along,Kid Cudi,she came along,"['strange', 'stopped', 'loving', 'loving', 'stopped', 'needing', 'needing', 'came', 'along', 'strange', 'changed', 'like', 'night', 'night', 'walked', 'away', 'walked', 'away', 'came', 'along', 'baby', 'baby', 'upset', 'know', 'shady', 'blame', 'like', 'fugazy', 'work', 'lazy', 'sayin', 'shame', 'left', 'chick', 'double', 'separate', 'like', 'siamese', 'didnt', 'anybody', 'tell', 'better', 'threes', 'reason', 'knock', 'kneed', 'tell', 'homie', 'zulee', 'wouldnt', 'knock', 'tell', 'lies', 'youre', 'sloppy', 'leave', 'friends', 'jock', 'understand', 'know', 'please', 'understand', 'lovin', 'tease', 'right', 'mind', 'probably', 'leave', 'cant', 'three', 'peoples', 'strange', 'stopped', 'loving', 'loving', 'stopped', 'needing', 'needing', 'came', 'along', 'strange', 'changed', 'like', 'night', 'night', 'walked', 'away', 'walked', 'away', 'came', 'along', 'please', 'listen', 'dont', 'baby', 'live', 'life', 'fine', 'ladies', 'heads', 'better', 'gave', 'messed', 'stressin', 'lately', 'please', 'tell', 'know', 'gotta', 'feel', 'feel', 'imagine', 'lounging', 'together', 'feel', 'feel', 'feel', 'love', 'triangle', 'love', 'angles', 'spend', 'time', 'wont', 'trip', 'spazz', 'long', 'home', 'freak', 'friends', 'know', 'exactly', 'bout', 'heavy', 'living', 'dreams', 'sexy', 'know', 'probably', 'think', 'stress', 'free', 'without', 'ever', 'left', 'never', 'better', 'youll', 'miss', 'baby', 'baby', 'talk', 'tell', 'lets', 'work', 'baby', 'need', 'baby', 'yall', 'baby', 'need', 'baby', 'yall', 'need', 'baby', 'take', 'hand', 'baby', 'girl', 'lets', 'roll', 'make', 'feel', 'okay', 'take', 'hand', 'make', 'feel', 'okay', 'okay', 'strange', 'stopped', 'loving', 'loving', 'stopped', 'needing', 'needing', 'came', 'along', 'strange', 'changed', 'like', 'night', 'night', 'walked', 'away', 'walked', 'away', 'came', 'along', 'strange', 'stopped', 'loving', 'loving', 'stopped', 'needing', 'needing', 'came', 'along', 'strange', 'changed', 'like', 'night', 'night', 'walked', 'away', 'walked', 'away', 'came', 'along']"
Coldplay+brothers & sisters,Coldplay,brothers & sisters,"['brothers', 'sisters', 'unite', 'time', 'lives', 'time', 'lives', 'break', 'break', 'gotta', 'spread', 'love', 'around', 'gotta', 'spread', 'around', 'brothers', 'sisters', 'feel', 'fine', 'time', 'lives', 'time', 'lives', 'sound', 'sound', 'like', 'feeling', 'youve', 'found', 'like', 'feeling', 'youve', 'found', 'stay', 'sounds', 'youll', 'feel', 'stay', 'sounds', 'youll', 'feel', 'theyre', 'looking', 'never', 'survive', 'well', 'around', 'brothers', 'sisters', 'unite', 'time', 'lives', 'time', 'lives', 'break', 'break', 'gotta', 'spread', 'love', 'around', 'gotta', 'spread', 'around', 'stay', 'sounds', 'youll', 'feel', 'stay', 'round', 'sounds', 'youll', 'feel', 'theyre', 'looking', 'never', 'survive', 'well', 'around', 'gonna', 'alright']"
Coldplay+shiver,Coldplay,shiver,"['look', 'direction', 'attention', 'know', 'dont', 'listen', 'cause', 'straight', 'dont', 'moment', 'wake', 'moment', 'sleep', 'side', 'stop', 'waiting', 'line', 'care', 'want', 'change', 'well', 'changed', 'good', 'want', 'know', 'youll', 'always', 'wanted', 'dont', 'shiver', 'shiver', 'sing', 'loud', 'clear', 'always', 'waiting', 'know', 'much', 'need', 'never', 'even', 'final', 'chance', 'getting', 'moment', 'wake', 'moment', 'sleep', 'side', 'stop', 'waiting', 'line', 'care', 'care', 'want', 'change', 'well', 'changed', 'good', 'want', 'know', 'youll', 'always', 'wanted', 'dont', 'shiver', 'dont', 'shiver', 'sing', 'loud', 'clear', 'always', 'waiting', 'yeah', 'always', 'waiting', 'yeah', 'always', 'waiting', 'yeah', 'always', 'waiting', 'always', 'waiting', 'dont', 'hear', 'loud', 'clear', 'sing', 'loud', 'clear', 'always', 'waiting', 'look', 'direction', 'attention', 'know', 'much', 'need', 'never', 'even']"
Coldplay+yellow,Coldplay,yellow,"['look', 'stars', 'look', 'shine', 'everything', 'yeah', 'yellow', 'came', 'along', 'wrote', 'song', 'things', 'called', 'yellow', 'took', 'turn', 'thing', 'done', 'yellow', 'skin', 'yeah', 'skin', 'bones', 'turn', 'something', 'beautiful', 'know', 'know', 'love', 'know', 'love', 'swam', 'across', 'jumped', 'across', 'thing', 'yellow', 'drew', 'line', 'drew', 'line', 'thing', 'yellow', 'skin', 'yeah', 'skin', 'bones', 'turn', 'something', 'beautiful', 'know', 'bleed', 'bleed', 'true', 'look', 'shine', 'look', 'shine', 'look', 'shine', 'look', 'shine', 'look', 'shine', 'look', 'shine', 'look', 'stars', 'look', 'shine', 'things']"
Coldplay+parachutes,Coldplay,parachutes,"['haze', 'stormy', 'haze', 'round', 'loving', 'always', 'always', 'take', 'time', 'wait', 'line', 'always', 'always', 'thanks', 'francesco', 'corrections']"
Coldplay+trouble,Coldplay,trouble,"['spiderweb', 'tangled', 'lost', 'head', 'thought', 'stupid', 'things', 'said', 'whats', 'spiderweb', 'caught', 'middle', 'turned', 'thought', 'stupid', 'things', 'done', 'never', 'meant', 'cause', 'trouble', 'never', 'never', 'meant', 'wrong', 'well', 'ever', 'caused', 'trouble', 'never', 'meant', 'harm', 'spiderweb', 'middle', 'twist', 'turn', 'little', 'bubble', 'singing', 'never', 'meant', 'cause', 'trouble', 'never', 'meant', 'wrong', 'well', 'ever', 'caused', 'trouble', 'never', 'meant', 'harm', 'spun', 'spun', 'spun']"
Adele+hometown glory,Adele,hometown glory,"['walking', 'missing', 'cracks', 'pavement', 'tutting', 'heel', 'strutting', 'feet', 'anything', 'dear', 'anyone', 'could', 'call', 'thank', 'please', 'madam', 'aint', 'lost', 'wandering', 'round', 'hometown', 'memories', 'fresh', 'round', 'hometown', 'people', 'wonders', 'world', 'wonders', 'world', 'wonders', 'world', 'wonders', 'world', 'like', 'city', 'thick', 'opaque', 'love', 'everybody', 'short', 'skirts', 'shorts', 'shades', 'like', 'city', 'worlds', 'collide', 'people', 'government', 'everybody', 'taking', 'different', 'sides', 'shows', 'aint', 'gonna', 'stand', 'shit', 'shows', 'united', 'shows', 'aint', 'gonna', 'take', 'shows', 'aint', 'gonna', 'stand', 'shit', 'shows', 'united', 'round', 'hometown', 'memories', 'fresh', 'round', 'hometown', 'people', 'wonders', 'world', 'wonders', 'world', 'wonders', 'world', 'wonders', 'world']"
Adele+chasing pavements,Adele,chasing pavements,"['made', 'mind', 'need', 'think', 'wrong', 'aint', 'right', 'need', 'look', 'aint', 'lust', 'know', 'love', 'tell', 'world', 'never', 'enough', 'cause', 'said', 'thats', 'exactly', 'need', 'love', 'give', 'keep', 'chasing', 'pavements', 'even', 'leads', 'nowhere', 'would', 'waste', 'even', 'knew', 'place', 'leave', 'give', 'keep', 'chasing', 'pavements', 'even', 'leads', 'nowhere', 'build', 'around', 'circles', 'wait', 'heart', 'drops', 'back', 'begins', 'tingle', 'finally', 'could', 'give', 'keep', 'chasing', 'pavements', 'even', 'leads', 'nowhere', 'would', 'waste', 'even', 'knew', 'place', 'leave', 'give', 'keep', 'chasing', 'pavements', 'even', 'leads', 'nowhere', 'give', 'keep', 'chasing', 'pavements', 'even', 'leads', 'nowhere', 'would', 'waste', 'even', 'knew', 'place', 'leave', 'give', 'keep', 'chasing', 'pavements', 'keep', 'chasing', 'pavements', 'give', 'keep', 'chasing', 'pavements', 'even', 'leads', 'nowhere', 'would', 'waste', 'even', 'knew', 'place', 'leave', 'give', 'keep', 'chasing', 'pavements', 'even', 'leads', 'nowhere']"
Adele+cold shoulder,Adele,cold shoulder,"['head', 'things', 'think', 'dont', 'make', 'sense', 'dont', 'dont', 'turn', 'round', 'like', 'fault', 'look', 'eyes', 'shoots', 'every', 'time', 'grace', 'cold', 'shoulder', 'whenever', 'look', 'wish', 'shower', 'words', 'made', 'knives', 'whenever', 'look', 'wish', 'days', 'make', 'look', 'like', 'tell', 'waste', 'time', 'heart', 'aint', 'admitting', 'youre', 'satisfied', 'know', 'know', 'feel', 'starting', 'find', 'feeling', 'grace', 'cold', 'shoulder', 'whenever', 'look', 'wish', 'shower', 'words', 'made', 'knives', 'whenever', 'look', 'wish', 'time', 'time', 'play', 'role', 'fool', 'even', 'daylight', 'gaming', 'dont', 'look', 'thing', 'hear', 'eyes', 'never', 'find', 'though', 'know', 'play', 'grace', 'cold', 'shoulder', 'whenever', 'look', 'wish', 'shower', 'words', 'made', 'knives', 'whenever', 'look', 'wish', 'grace', 'cold', 'shoulder', 'whenever', 'look', 'wish', 'shower', 'words', 'made', 'knives', 'whenever', 'look', 'wish']"
Adele+hometown glory (remixes),Adele,hometown glory (remixes),"['walking', 'missing', 'cracks', 'pavement', 'tutting', 'heel', 'strutting', 'feet', 'anything', 'dear', 'anyone', 'could', 'call', 'thank', 'please', 'madam', 'aint', 'lost', 'wandering', 'round', 'hometown', 'memories', 'fresh', 'round', 'hometown', 'people', 'wonders', 'world', 'wonders', 'world', 'wonders', 'world', 'wonders', 'world', 'like', 'city', 'thick', 'opaque', 'love', 'everybody', 'short', 'skirts', 'shorts', 'shades', 'like', 'city', 'worlds', 'collide', 'people', 'government', 'everybody', 'taking', 'different', 'sides', 'shows', 'aint', 'gonna', 'stand', 'shit', 'shows', 'united', 'shows', 'aint', 'gonna', 'take', 'shows', 'aint', 'gonna', 'stand', 'shit', 'shows', 'united', 'round', 'hometown', 'memories', 'fresh', 'round', 'hometown', 'people', 'wonders', 'world', 'wonders', 'world', 'wonders', 'world', 'wonders', 'world']"
Selena Gomez+tell me something i don't know,Selena Gomez,tell me something i don't know,"['everybody', 'tells', 'hard', 'make', 'hard', 'break', 'theres', 'fake', 'everybody', 'tells', 'wrong', 'feeling', 'shouldnt', 'believe', 'dreams', 'dreaming', 'hear', 'every', 'hear', 'time', 'never', 'going', 'amount', 'much', 'theyre', 'never', 'going', 'change', 'mind', 'tell', 'tell', 'tell', 'something', 'dont', 'know', 'something', 'dont', 'know', 'something', 'dont', 'know', 'tell', 'tell', 'tell', 'something', 'dont', 'know', 'something', 'dont', 'know', 'something', 'dont', 'know', 'like', 'many', 'inches', 'mile', 'takes', 'make', 'smile', 'treat', 'like', 'child', 'baby', 'tell', 'tell', 'tell', 'something', 'dont', 'know', 'something', 'dont', 'know', 'something', 'dont', 'know', 'tell', 'tell', 'something', 'dont', 'know', 'tell', 'tell', 'something', 'dont', 'know', 'everybody', 'tells', 'dont', 'know', 'life', 'pursuing', 'odds', 'losing', 'everybody', 'tells', 'million', 'billion', 'zillion', 'hear', 'every', 'hear', 'time', 'never', 'going', 'amount', 'much', 'theyre', 'never', 'going', 'change', 'mind', 'tell', 'tell', 'tell', 'something', 'dont', 'know', 'something', 'dont', 'know', 'something', 'dont', 'know', 'tell', 'tell', 'tell', 'something', 'dont', 'know', 'something', 'dont', 'know', 'something', 'dont', 'know', 'selena', 'track', 'like', 'katrina', 'making', 'waves', 'like', 'cold', 'medina', 'make', 'ready', 'ready', 'yeah', 'ready', 'really', 'ready', 'yeah', 'ready', 'know', 'going', 'someday', 'doesnt', 'help', 'wont', 'easy', 'tell', 'tell', 'tell', 'something', 'dont', 'know', 'something', 'dont', 'know', 'something', 'dont', 'know', 'tell', 'tell', 'tell', 'something', 'dont', 'know', 'something', 'dont', 'know', 'something', 'dont', 'know', 'tell', 'tell', 'tell', 'something', 'dont', 'know', 'something', 'dont', 'know', 'something', 'dont', 'know']"
Selena Gomez+tell me something i don't know (radio disney version),Selena Gomez,tell me something i don't know (radio disney version),"['everybody', 'tells', 'hard', 'make', 'hard', 'break', 'theres', 'fake', 'everybody', 'tells', 'wrong', 'feeling', 'shouldnt', 'believe', 'dreams', 'dreaming', 'hear', 'every', 'hear', 'time', 'never', 'going', 'amount', 'much', 'theyre', 'never', 'going', 'change', 'mind', 'tell', 'tell', 'tell', 'something', 'dont', 'know', 'something', 'dont', 'know', 'something', 'dont', 'know', 'tell', 'tell', 'tell', 'something', 'dont', 'know', 'something', 'dont', 'know', 'something', 'dont', 'know', 'like', 'many', 'inches', 'mile', 'takes', 'make', 'smile', 'treat', 'like', 'child', 'baby', 'tell', 'tell', 'tell', 'something', 'dont', 'know', 'something', 'dont', 'know', 'something', 'dont', 'know', 'tell', 'tell', 'something', 'dont', 'know', 'tell', 'tell', 'something', 'dont', 'know', 'everybody', 'tells', 'dont', 'know', 'life', 'pursuing', 'odds', 'losing', 'everybody', 'tells', 'million', 'billion', 'zillion', 'hear', 'every', 'hear', 'time', 'never', 'going', 'amount', 'much', 'theyre', 'never', 'going', 'change', 'mind', 'tell', 'tell', 'tell', 'something', 'dont', 'know', 'something', 'dont', 'know', 'something', 'dont', 'know', 'tell', 'tell', 'tell', 'something', 'dont', 'know', 'something', 'dont', 'know', 'something', 'dont', 'know', 'selena', 'track', 'like', 'katrina', 'making', 'waves', 'like', 'cold', 'medina', 'make', 'ready', 'ready', 'yeah', 'ready', 'really', 'ready', 'yeah', 'ready', 'know', 'going', 'someday', 'doesnt', 'help', 'wont', 'easy', 'tell', 'tell', 'tell', 'something', 'dont', 'know', 'something', 'dont', 'know', 'something', 'dont', 'know', 'tell', 'tell', 'tell', 'something', 'dont', 'know', 'something', 'dont', 'know', 'something', 'dont', 'know', 'tell', 'tell', 'tell', 'something', 'dont', 'know', 'something', 'dont', 'know', 'something', 'dont', 'know']"
Selena Gomez+shake it up,Selena Gomez,shake it up,"['dont', 'like', 'waiting', 'lets', 'right', 'gotta', 'ground', 'dancing', 'music', 'slows', 'sayin', 'theres', 'something', 'take', 'another', 'level', 'remix', 'everybody', 'everybody', 'floor', 'little', 'crazy', 'kick', 'hits', 'floor', 'make', 'scene', 'nobody', 'ignore', 'dont', 'knock', 'rock', 'cant', 'take', 'bring', 'lights', 'bust', 'doors', 'dust', 'shake', 'shake', 'take', 'notch', 'together', 'shake', 'shake', 'shake', 'break', 'something', 'youre', 'dancin', 'whit', 'like', 'make', 'scene', 'nobody', 'ignore', 'dont', 'knock', 'rock', 'cant', 'take', 'bring', 'lights', 'bust', 'doors', 'dust', 'shake', 'shake', 'take', 'notch', 'together', 'shake', 'shake', 'shake', 'gotta', 'change', 'days', 'right', 'brush', 'tonight', 'attitude', 'pocket', 'mood', 'youve', 'enough', 'shake', 'bring', 'lights', 'bust', 'doors', 'dust', 'shake', 'shake', 'take', 'notch', 'together', 'shake', 'shake']"
Selena Gomez+slow down (reggae remixes),Selena Gomez,slow down (reggae remixes),"['captured', 'attention', 'wanna', 'steal', 'rhythm', 'intervention', 'ready', 'inspection', 'show', 'make', 'first', 'impression', 'take', 'nice', 'slow', 'slow', 'break', 'drop', 'cause', 'want', 'party', 'night', 'neon', 'lights', 'wanna', 'feel', 'body', 'right', 'next', 'mine', 'night', 'long', 'baby', 'slow', 'song', 'coming', 'closer', 'rewind', 'night', 'long', 'baby', 'slow', 'yeah', 'baby', 'slow', 'yeah', 'baby', 'slow', 'song', 'want', 'accepting', 'applications', 'long', 'keep', 'record', 'rotation', 'know', 'good', 'mouth', 'mouth', 'resuscitation', 'breathe', 'breathe', 'amazing', 'take', 'nice', 'slow', 'slow', 'break', 'drop', 'cause', 'want', 'party', 'night', 'neon', 'lights', 'gooooo', 'wanna', 'feel', 'body', 'right', 'next', 'mine', 'night', 'long', 'baby', 'slow', 'song', 'coming', 'closer', 'rewind', 'night', 'long', 'baby', 'slow', 'yeah', 'baby', 'slow', 'yeah', 'baby', 'slow', 'song', 'breath', 'breath', 'music', 'going', 'breath', 'breath', 'stopping', 'till', 'morning', 'breath', 'breath', 'know', 'ready', 'yeahhh', 'breath', 'breath', 'music', 'going', 'breath', 'breath', 'stopping', 'till', 'morning', 'breath', 'breath', 'know', 'ready', 'yeah', 'cataracts', 'aaaah', 'wanna', 'feel', 'body', 'right', 'next', 'mine', 'night', 'long', 'baby', 'slow', 'song', 'coming', 'closer', 'rewind', 'night', 'long', 'baby', 'slow', 'yeah', 'baby', 'slow', 'yeah', 'baby', 'slow', 'song', 'cataracs', 'ahahahahahah']"
Selena Gomez+stars dance,Selena Gomez,stars dance,"['wake', 'dreams', 'watch', 'come', 'true', 'make', 'whisper', 'name', 'never', 'leave', 'room', 'night', 'muse', 'girl', 'make', 'feel', 'make', 'stars', 'dance', 'light', 'moon', 'make', 'stars', 'dance', 'want', 'everywhere', 'meet', 'make', 'stars', 'dance', 'dance', 'dance', 'dont', 'afraid', 'close', 'eyes', 'take', 'places', 'youve', 'never', 'tonight', 'thought', 'youd', 'realize', 'anything', 'mind', 'make', 'stars', 'dance', 'light', 'moon', 'make', 'stars', 'dance', 'want', 'everywhere', 'meet', 'make', 'stars', 'dance', 'dance', 'dance', 'everything', 'touch', 'turns', 'love', 'everything', 'open', 'heaven', 'instead', 'stead', 'stead', 'falling', 'flying', 'love', 'nothings', 'forever', 'stars', 'dust', 'make', 'stars', 'dance', 'light', 'moon', 'make', 'stars', 'dance', 'want', 'everywhere', 'meet', 'make', 'stars', 'dance', 'dance', 'dance', 'make', 'stars', 'dance', 'make', 'stars', 'make', 'make', 'make', 'make', 'stars', 'dance', 'everywhere', 'meet', 'make', 'stars', 'dance', 'dance', 'dance', 'dance']"
Selena Gomez+stars dance (amazon exclusive),Selena Gomez,stars dance (amazon exclusive),"['wake', 'dreams', 'watch', 'come', 'true', 'make', 'whisper', 'name', 'never', 'leave', 'room', 'night', 'muse', 'girl', 'make', 'feel', 'make', 'stars', 'dance', 'light', 'moon', 'make', 'stars', 'dance', 'want', 'everywhere', 'meet', 'make', 'stars', 'dance', 'dance', 'dance', 'dont', 'afraid', 'close', 'eyes', 'take', 'places', 'youve', 'never', 'tonight', 'thought', 'youd', 'realize', 'anything', 'mind', 'make', 'stars', 'dance', 'light', 'moon', 'make', 'stars', 'dance', 'want', 'everywhere', 'meet', 'make', 'stars', 'dance', 'dance', 'dance', 'everything', 'touch', 'turns', 'love', 'everything', 'open', 'heaven', 'instead', 'stead', 'stead', 'falling', 'flying', 'love', 'nothings', 'forever', 'stars', 'dust', 'make', 'stars', 'dance', 'light', 'moon', 'make', 'stars', 'dance', 'want', 'everywhere', 'meet', 'make', 'stars', 'dance', 'dance', 'dance', 'make', 'stars', 'dance', 'make', 'stars', 'make', 'make', 'make', 'make', 'stars', 'dance', 'everywhere', 'meet', 'make', 'stars', 'dance', 'dance', 'dance', 'dance']"
Selena Gomez+slow down (remixes),Selena Gomez,slow down (remixes),"['captured', 'attention', 'wanna', 'steal', 'rhythm', 'intervention', 'ready', 'inspection', 'show', 'make', 'first', 'impression', 'take', 'nice', 'slow', 'slow', 'break', 'drop', 'cause', 'want', 'party', 'night', 'neon', 'lights', 'wanna', 'feel', 'body', 'right', 'next', 'mine', 'night', 'long', 'baby', 'slow', 'song', 'coming', 'closer', 'rewind', 'night', 'long', 'baby', 'slow', 'yeah', 'baby', 'slow', 'yeah', 'baby', 'slow', 'song', 'want', 'accepting', 'applications', 'long', 'keep', 'record', 'rotation', 'know', 'good', 'mouth', 'mouth', 'resuscitation', 'breathe', 'breathe', 'amazing', 'take', 'nice', 'slow', 'slow', 'break', 'drop', 'cause', 'want', 'party', 'night', 'neon', 'lights', 'gooooo', 'wanna', 'feel', 'body', 'right', 'next', 'mine', 'night', 'long', 'baby', 'slow', 'song', 'coming', 'closer', 'rewind', 'night', 'long', 'baby', 'slow', 'yeah', 'baby', 'slow', 'yeah', 'baby', 'slow', 'song', 'breath', 'breath', 'music', 'going', 'breath', 'breath', 'stopping', 'till', 'morning', 'breath', 'breath', 'know', 'ready', 'yeahhh', 'breath', 'breath', 'music', 'going', 'breath', 'breath', 'stopping', 'till', 'morning', 'breath', 'breath', 'know', 'ready', 'yeah', 'cataracts', 'aaaah', 'wanna', 'feel', 'body', 'right', 'next', 'mine', 'night', 'long', 'baby', 'slow', 'song', 'coming', 'closer', 'rewind', 'night', 'long', 'baby', 'slow', 'yeah', 'baby', 'slow', 'yeah', 'baby', 'slow', 'song', 'cataracs', 'ahahahahahah']"
Selena Gomez+slow down,Selena Gomez,slow down,"['captured', 'attention', 'wanna', 'steal', 'rhythm', 'intervention', 'ready', 'inspection', 'show', 'make', 'first', 'impression', 'take', 'nice', 'slow', 'slow', 'break', 'drop', 'cause', 'want', 'party', 'night', 'neon', 'lights', 'wanna', 'feel', 'body', 'right', 'next', 'mine', 'night', 'long', 'baby', 'slow', 'song', 'coming', 'closer', 'rewind', 'night', 'long', 'baby', 'slow', 'yeah', 'baby', 'slow', 'yeah', 'baby', 'slow', 'song', 'want', 'accepting', 'applications', 'long', 'keep', 'record', 'rotation', 'know', 'good', 'mouth', 'mouth', 'resuscitation', 'breathe', 'breathe', 'amazing', 'take', 'nice', 'slow', 'slow', 'break', 'drop', 'cause', 'want', 'party', 'night', 'neon', 'lights', 'gooooo', 'wanna', 'feel', 'body', 'right', 'next', 'mine', 'night', 'long', 'baby', 'slow', 'song', 'coming', 'closer', 'rewind', 'night', 'long', 'baby', 'slow', 'yeah', 'baby', 'slow', 'yeah', 'baby', 'slow', 'song', 'breath', 'breath', 'music', 'going', 'breath', 'breath', 'stopping', 'till', 'morning', 'breath', 'breath', 'know', 'ready', 'yeahhh', 'breath', 'breath', 'music', 'going', 'breath', 'breath', 'stopping', 'till', 'morning', 'breath', 'breath', 'know', 'ready', 'yeah', 'cataracts', 'aaaah', 'wanna', 'feel', 'body', 'right', 'next', 'mine', 'night', 'long', 'baby', 'slow', 'song', 'coming', 'closer', 'rewind', 'night', 'long', 'baby', 'slow', 'yeah', 'baby', 'slow', 'yeah', 'baby', 'slow', 'song', 'cataracs', 'ahahahahahah']"
Stormzy+dreamers disease,Stormzy,dreamers disease,"['dont', 'even', 'smoke', 'somehow', 'stay', 'high', 'dont', 'even', 'smoke', 'somehow', 'stay', 'high', 'dont', 'even', 'smoke', 'somehow', 'stay', 'high', 'dont', 'even', 'smoke', 'hook', 'look', 'dont', 'even', 'smoke', 'somehow', 'stay', 'high', 'quit', 'bugged', 'made', 'choice', 'life', 'swear', 'cant', 'alone', 'dear', 'lord', 'guide', 'weve', 'done', 'things', 'wouldnt', 'even', 'know', 'begin', 'dear', 'lord', 'knows', 'tried', 'alright', 'look', 'dont', 'even', 'smoke', 'somehow', 'stay', 'high', 'quit', 'bugged', 'made', 'choice', 'life', 'swear', 'cant', 'alone', 'dear', 'lord', 'guide', 'weve', 'done', 'things', 'wouldnt', 'even', 'know', 'begin', 'dear', 'lord', 'knows', 'tried', 'alright', 'verse', 'like', 'start', 'werent', 'start', 'stay', 'disappear', 'dark', 'stay', 'clued', 'stay', 'clear', 'sharks', 'shoutout', 'park', 'said', 'year', 'clearing', 'charts', 'girls', 'shed', 'tears', 'heart', 'tryna', 'find', 'dont', 'care', 'past', 'still', 'bites', 'bearing', 'bark', 'thats', 'still', 'hearing', 'talk', 'lick', 'share', 'mark', 'imma', 'take', 'care', 'dargs', 'summer', 'yard', 'times', 'yeah', 'hearing', 'hard', 'snakes', 'clique', 'bare', 'grass', 'raring', 'start', 'hearts', 'beats', 'loud', 'jump', 'stage', 'proud', 'dont', 'ever', 'dont', 'ever', 'take', 'crown', 'give', 'fuck', 'theyre', 'easily', 'pleased', 'thank', 'reason', 'breathe', 'suddenly', 'weak', 'knees', 'think', 'dreamers', 'disease', 'shits', 'gonna', 'kill', 'yeah', 'shits', 'gonna', 'kill', 'damn', 'verse', 'yeah', 'shits', 'gonna', 'kill', 'sleepless', 'nights', 'cheap', 'arse', 'flights', 'nigga', 'feel', 'sure', 'still', 'well', 'maybe', 'comes', 'cost', 'hope', 'real', 'cant', 'wait', 'till', 'figure', 'deal', 'dreamers', 'disease', 'think', 'caught', 'sold', 'dream', 'went', 'bought', 'cant', 'even', 'afford', 'shouldve', 'payed', 'safe', 'straight', 'mortgage', 'late', 'cant', 'cant', 'turn', 'back', 'times', 'thing', 'cant', 'turn', 'back', 'please', 'listen', 'words', 'theres', 'vision', 'every', 'verse', 'spat', 'hearts', 'beats', 'loud', 'dont', 'ever', 'dont', 'ever', 'dont', 'ever', 'dream', 'weve', 'lost', 'minds', 'weve', 'dreamers', 'disease', 'tell', 'keeps', 'alive', 'bridge', 'fall', 'pray', 'dreams', 'save', 'lose', 'fall', 'pray', 'dreams', 'save', 'lose', 'yeah', 'think', 'dreamers', 'disease']"
Stormzy+not that deep,Stormzy,not that deep,"['walk', 'rave', 'smile', 'face', 'yeah', 'racks', 'worm', 'came', 'dont', 'tell', 'straight', 'straps', 'cheap', 'light', 'rave', 'waiting', 'around', 'thats', 'caught', 'club', 'slut', 'tell', 'girl', 'deep', 'move', 'lack', 'choose', 'connect', 'phone', 'bluetooth', 'aint', 'flow', 'used', 'stopped', 'road', 'like', 'mans', 'hard', 'swear', 'mans', 'youtube', 'come', 'blow', 'like', 'nigga', 'fuck', 'voodoo', 'jakes', 'move', 'dark', 'vectras', 'make', 'prof', 'thats', 'extras', 'still', 'tryna', 'marj', 'lexus', 'whats', 'point', 'dont', 'best', 'hashtag', 'problem', 'whip', 'rock', 'like', 'austin', 'options', 'know', 'wasteman', 'spot', 'park', 'whip', 'like', 'yeah', 'lost', 'getting', 'money', 'often', 'still', 'bare', 'grown', 'scared', 'cant', 'good', 'year', 'postcode', 'dont', 'make', 'gangster', 'youre', 'area', 'fifth', 'gear', 'gears', 'stick', 'blowing', 'year', 'myth', 'weve', 'chasing', 'dream', 'youve', 'sharing', 'spliff', 'like', 'wind', 'yeah', 'raring', 'flip', 'washed', 'dons', 'cant', 'bear', 'spit', 'ride', 'friend', 'yeah', 'dont', 'care', 'tell', 'careful', 'beef', 'champ', 'pulled', 'shank', 'gonna', 'scare', 'really', 'gonna', 'scare', 'stabbed', 'back', 'swift', 'said', 'brother', 'dont', 'talk', 'attack', 'came', 'white', 'ting', 'black', 'jumped', 'jabba', 'tash', 'check', 'check', 'nigga', 'gassed', 'mandem', 'roll', 'yeah', 'nigga', 'back', 'walk', 'rave', 'smile', 'face', 'yeah', 'racks', 'worm', 'came', 'dont', 'tell', 'straight', 'straps', 'cheap', 'light', 'rave', 'waiting', 'around', 'thats', 'caught', 'club', 'slut', 'tell', 'girl', 'deep', 'rapper', 'come', 'throne', 'flipz', 'kill', 'said', 'brother', 'dont', 'talk', 'blow', 'convoy', 'last', 'show', 'swift', 'club', 'whatd', 'mean', 'cant', 'smoke', 'drink', 'whatd', 'mean', 'cant', 'cope', 'dance', 'send', 'home', 'check', 'bros', 'buss', 'church', 'sunday', 'mash', 'work', 'none', 'mandem', 'fruity', 'yeah', 'mandem', 'unruly', 'dishing', 'threats', 'putting', 'money', 'head', 'roads', 'screw', 'scared', 'like', 'beard', 'buss', 'jokes', 'vids', 'think', 'prick', 'little', 'nigga', 'beware', 'swear', 'nigga', 'turned', 'last', 'year', 'fuck', 'tape', 'nigga', 'dont', 'care', 'stormzys', 'whack', 'yeah', 'swear', 'grinding', 'well', 'nigga', 'life', 'aint', 'fair', 'yeah', 'know', 'strip', 'flipz', 'sliding', 'take', 'piss', 'slap', 'mans', 'chicken', 'chips', 'pissed', 'like', 'food', 'smoke', 'said', 'yeah', 'peak', 'scene', 'relies', 'said', 'know', 'lying', 'true', 'like', 'wheres', 'fire', 'booth', 'check', 'stacks', 'corner', 'little', 'black', 'strap', 'trap', 'putting', 'brick', 'quarters', 'nigga', 'corned', 'chat', 'racks', 'banging', 'private', 'caller', 'take', 'little', 'yack', 'cant', 'text', 'tryna', 'make', 'dark', 'skin', 'sexy', 'word', 'road', 'bros', 'feds', 'cant', 'make', 'talk', 'never', 'whip', 'never', 'couple', 'made', 'walk', 'lick', 'gave', 'food', 'tick', 'couple', 'paid', 'short', 'caught', 'west', 'tryna', 'creps', 'beat', 'sports', 'laid', 'corpse', 'rude', 'lower', 'tone', 'couple', 'pagans', 'follow', 'home', 'said', 'merms', 'borrow', 'phone', 'come', 'link', 'road', 'thing', 'chill', 'dont', 'really', 'make', 'fuss', 'tell', 'cool', 'done', 'rudeboy', 'leave', 'walk', 'rave', 'smile', 'face', 'yeah', 'racks', 'worm', 'came', 'dont', 'tell', 'straight', 'straps', 'cheap', 'light', 'rave', 'waiting', 'around', 'thats', 'caught', 'club', 'slut', 'tell', 'girl', 'deep']"
Stormzy+know me from,Stormzy,know me from,"['zdot', 'production', 'dont', 'even', 'know', 'peng', 'tings', 'whatsapp', 'iphone', 'brown', 'skinned', 'girls', 'white', 'ones', 'girls', 'love', 'love', 'roads', 'dizzee', 'made', 'talk', 'better', 'hashtag', 'merky', 'cant', 'chat', 'speed', 'look', 'mans', 'certi', 'shout', 'wiley', 'thats', 'badman', 'early', 'look', 'boss', 'like', 'birdie', 'badman', 'like', 'shirley', 'grimes', 'dead', 'like', 'beard', 'look', 'scared', 'gods', 'wrath', 'power', 'fear', 'couple', 'skeng', 'shower', 'shower', 'shower', 'gear', 'talk', 'better', 'hashtag', 'problem', 'adidas', 'creps', 'dont', 'dont', 'dont', 'copped', 'hard', 'team', 'hard', 'squadron', 'whered', 'roley', 'whered', 'roley', 'know', 'know', 'like', 'roll', 'deep', 'song', 'tryna', 'know', 'know', 'know', 'know', 'know', 'know', 'know', 'know', 'know', 'know', 'snake', 'cant', 'chat', 'gyal', 'loadsa', 'know', 'beast', 'onstage', 'dont', 'make', 'back', 'culture', 'clash', 'gassed', 'dark', 'skin', 'black', 'talk', 'real', 'greazy', 'known', 'talk', 'real', 'like', 'real', 'talk', 'manll', 'killed', 'like', 'manll', 'talk', 'wrecked', 'manll', 'caught', 'flesh', 'look', 'dont', 'bill', 'like', 'know', 'youre', 'good', 'child', 'pull', 'jeans', 'street', 'proud', 'dont', 'come', 'house', 'look', 'dont', 'rate', 'boys', 'bare', 'wasteman', 'bare', 'pagan', 'boys', 'come', 'team', 'fuck', 'shit', 'david', 'moyes', 'look', 'lord', 'aint', 'lord', 'mics', 'cant', 'chat', 'bars', 'cant', 'chat', 'flow', 'manve', 'done', 'hype', 'whered', 'roley', 'whered', 'roley', 'know', 'know', 'like', 'roll', 'deep', 'song', 'tryna', 'know', 'know', 'know', 'know', 'know', 'know', 'know', 'know', 'know', 'know', 'wiley', 'homage', 'godfather', 'yeah', 'name', 'stormzy', 'name', 'problem', 'name', 'mike', 'name', 'stiff', 'chocolate', 'name', 'wicked', 'skengman', 'live', 'flesh', 'know', 'know', 'know', 'know', 'know', 'gonna', 'llow', 'gonna', 'llow']"
Stormzy+wickedskengman 4,Stormzy,wickedskengman 4,"['wait', 'secs', 'spark', 'zoot', 'niggas', 'dont', 'tark', 'shoot', 'roll', 'slow', 'park', 'coupe', 'game', 'fucked', 'darkskin', 'yout', 'well', 'shouldve', 'watching', 'gone', 'time', 'clocked', 'merky', 'skengman', 'whats', 'last', 'yeah', 'problem', 'shouldve', 'stopped', 'dont', 'bars', 'like', 'chip', 'dont', 'bars', 'walk', 'rave', 'glass', 'face', 'look', 'make', 'fuckboys', 'bars', 'might', 'clart', 'safety', 'might', 'dance', 'knock', 'door', 'like', 'rudeboy', 'look', 'forget', 'hype', 'come', 'yard', 'lightskin', 'girls', 'used', 'cuss', 'lightskin', 'girls', 'love', 'word', 'ugly', 'tings', 'sick', 'trust', 'nobody', 'cant', 'claim', 'buss', 'fuckery', 'plus', 'dont', 'even', 'tark', 'much', 'thats', 'reason', 'girl', 'wanna', 'fuck', 'dont', 'really', 'care', 'friend', 'bare', 'likkle', 'fish', 'never', 'ends', 'yeah', 'hard', 'harder', 'shut', 'nigga', 'leng', 'turn', 'nigga', 'love', 'getting', 'vexed', 'lightskin', 'girl', 'bumper', 'black', 'bredrin', 'breasts', 'everyting', 'blessed', 'whats', 'name', 'roll', 'grab', 'girl', 'gone', 'wanna', 'know', 'chance', 'chance', 'gone', 'bong', 'front', 'nigga', 'stay', 'stop', 'tagging', 'along', 'bring', 'dont', 'shut', 'mouth', 'chat', 'shit', 'mout', 'know', 'come', 'south', 'duck', 'house', 'peak', 'press', 'play', 'niggas', 'theyre', 'missing', 'worst', 'days', 'best', 'days', 'punch', 'grime', 'segway', 'pussyhole', 'dont', 'make', 'slap', 'look', 'like', 'wait', 'till', 'catch', 'look', 'like', 'thats', 'black', 'yout', 'went', 'jools', 'holland', 'tracksuit', 'scene', 'like', 'yeah', 'sick', 'beat', 'everybody', 'calm', 'tracksuit', 'fuck', 'aint', 'gonna', 'stab', 'look', 'dont', 'wanna', 'argue', 'talk', 'shit', 'manll', 'look', 'size', 'fist', 'spark', 'grime', 'scenes', 'lukaku', 'black', 'everybody', 'buss', 'shots', 'jump', 'onstage', 'bare', 'rage', 'drop', 'grime', 'fucked', 'boys', 'hate', 'grime', 'grime', 'boys', 'hate', 'good', 'youts', 'hate', 'cruddy', 'youts', 'hate', 'dont', 'trap', 'fake', 'youts', 'hate', 'real', 'real', 'youts', 'hate', 'dont', 'well', 'suck', 'yeah', 'names', 'michael', 'stormz', 'like', 'peng', 'tings', 'like', 'porn', 'full', 'corn', 'breathe', 'fire', 'every', 'time', 'yawn', 'stormzys', 'stormzys', 'stormzys', 'blick', 'stormzys', 'black', 'stormzys', 'hairlines', 'going', 'back', 'still', 'fuck', 'girl', 'retweet', 'little', 'nigga', 'saying', 'blew', 'fast', 'saying', 'came', 'quick', 'rudeboy', 'look', 'youtube', 'darg', 'mandem', 'putting', 'graveyard', 'shift', 'straight', 'wash', 'brudda', 'dont', 'blame', 'blame', 'every', 'take', 'shots', 'tell', 'hard', 'work', 'pays', 'anyway', 'everybody', 'wanna', 'grime', 'real', 'talk', 'lets', 'yeah', 'look', 'brudda', 'house', 'thats', 'laptop', 'thats', 'sound', 'thats', 'people', 'thats', 'crowd', 'thats', 'kingdom', 'thats', 'crown', 'look', 'phone', 'call', 'manll', 'around', 'vocal', 'sign', 'anyway', 'blue', 'jays', 'lunch', 'brekky', 'make', 'thing', 'bang', 'like', 'fekky', 'still', 'ting', 'teccy', 'onstage', 'back', 'back', 'skeppy', 'ball', 'cool', 'like', 'messi', 'talk', 'dont', 'talk', 'steady', 'tell', 'ready', 'change', 'circles', 'theyre', 'wait', 'wanna', 'like', 'city', 'like', 'creps', 'feet', 'yeah', 'theyre', 'white', 'like', 'cons', 'drive', 'thats', 'black', 'like', 'cant', 'call', 'cold', 'past', 'track', 'freeze', 'spit', 'ammy', 'none', 'dont', 'spit', 'crack', 'like', 'like', 'dont', 'make', 'sense', 'might', 'might', 'hench', 'intense', 'year', 'like', 'anyway', 'fuck', 'used', 'roll', 'ends', 'rucksack', 'mermz', 'caught', 'bussed', 'touch', 'mandem', 'touched', 'back', 'fuck', 'stormzy', 'sick', 'aint', 'calling', 'brick', 'know', 'hold', 'sticks', 'aint', 'warring', 'chick', 'please', 'dont', 'call', 'youre', 'flipz', 'morleys', 'chips', 'cameramen', 'hold', 'clips', 'shit', 'kill', 'skengman', 'sound', 'skengman', 'flow', 'skeng', 'whats', 'postcode', 'send', 'round', 'wait', 'wait', 'kill', 'skengman', 'sound', 'skengman', 'flow', 'skeng', 'look', 'city', 'shoulders', 'aint', 'cold', 'cold', 'coldest', 'adidas', 'creps', 'nigo', 'cant', 'jokers', 'yeah', 'look', 'made', 'tune', 'nick', 'jonas', 'said', 'sold', 'thats', 'bogus', 'fire', 'park', 'million', 'views', 'album', 'time', 'focus', 'look', 'fear', 'year', 'last', 'year', 'year', 'second', 'year', 'straight', 'like', 'nobody', 'dont', 'compare', 'sitting', 'looking', 'straight', 'like', 'hold', 'anybody', 'shut', 'malia', 'shut', 'iceland', 'shits', 'fair', 'look', 'roads', 'dizzee', 'made', 'stop', 'youre', 'badboy', 'stop', 'peng', 'tings', 'whatsapp', 'yeah', 'love', 'drop', 'niggas', 'still', 'whered', 'jump', 'shaped', 'coupe', 'dropped', 'face', 'bait', 'drop', 'back', 'watched', 'wanna', 'spot', 'back']"
Stormzy+standard,Stormzy,standard,"['kill', 'standard', 'leave', 'boys', 'face', 'evening', 'standard', 'youre', 'standard', 'peng', 'tings', 'thats', 'standard', 'tell', 'standard', 'stormz', 'aint', 'standard', 'mans', 'mobo', 'awards', 'thats', 'standard', 'soon', 'plaques', 'wall', 'like', 'standard', 'slides', 'socks', 'feet', 'thats', 'standard', 'kill', 'standard', 'leave', 'boys', 'face', 'evening', 'standard', 'youre', 'standard', 'peng', 'tings', 'thats', 'standard', 'tell', 'standard', 'stormz', 'aint', 'standard', 'mans', 'mobo', 'awards', 'thats', 'standard', 'soon', 'plaques', 'wall', 'like', 'standard', 'slides', 'socks', 'feet', 'thats', 'standard', 'dont', 'wanna', 'back', 'back', 'best', 'gotta', 'scared', 'best', 'grime', '2015', 'rudeboy', 'come', 'chat', 'next', 'year', 'aint', 'hype', 'ever', 'seen', 'like', 'street', 'sing', 'like', 'sweet', 'yeah', 'little', 'nigga', 'like', 'look', 'problem', 'problem', 'want', 'problem', 'skepta', 'wiley', 'bars', 'brudda', 'come', 'thought', 'werent', 'grimy', 'didnt', 'know', 'lively', 'brain', 'wise', 'heart', 'like', 'pikey', 'dont', 'none', 'like', 'hear', 'talk', 'award', 'dont', 'deserve', 'shit', 'tell', 'straight', 'aint', 'play', 'games', 'lord', 'knows', 'earned', 'shit', 'flipz', 'heard', 'shit', 'pace', 'murk', 'quick', 'come', 'twenty', 'went', 'twenty', 'bump', 'skeng', 'german', 'whip', 'look', 'aint', 'saying', 'makes', 'great', 'saying', 'playing', 'part', 'find', 'funny', 'told', 'aint', 'gonna', 'chart', 'tell', 'haters', 'kiss', 'arse', 'years', 'like', 'start', 'wanna', 'talk', 'views', 'fire', 'booth', 'check', 'fire', 'park', 'want', 'know', 'fist', 'fight', 'tell', 'texas', 'chainsaw', 'massacre', 'imma', 'wickedskengman', 'part', 'fire', 'park', 'part', 'yeah', 'fast', 'yeah', 'rata', 'like', 'getting', 'parred', 'kill', 'standard', 'leave', 'boys', 'face', 'evening', 'standard', 'youre', 'standard', 'peng', 'tings', 'thats', 'standard', 'tell', 'standard', 'stormz', 'aint', 'standard', 'mans', 'mobo', 'awards', 'thats', 'standard', 'soon', 'plaques', 'wall', 'like', 'standard', 'slides', 'socks', 'feet', 'thats', 'standard', 'tell', 'standard', 'standard', 'fourteen', 'hood', 'gangsters', 'cant', 'dickhead', 'hood', 'youll', 'bantered', 'three', 'stripes', 'whole', 'team', 'stay', 'branded', 'angered', 'cool', 'thats', 'standard', 'like', 'brah', 'dead', 'sankad', 'take', 'mans', 'girl', 'pampered', 'thats', 'five', 'star', 'ting', 'aint', 'standard', 'rudeboy', 'standard', 'shows', 'aint', 'standard', 'bottle', 'head', 'youll', 'fantad', 'town', 'lads', 'wankered', 'roll', 'today', 'skankers', 'champers', 'know', 'bankers', 'know', 'gunmen', 'thugs', 'shankers', 'target', 'mangad', 'roll', 'deep', 'like', 'brakes', 'tampered', 'look', 'riddim', 'touch', 'busy', 'girl', 'hitting', 'like', 'really', 'know', 'whos', 'silly', 'enough', 'silly', 'aint', 'million', 'bucks', 'youre', 'diddy', 'aint', 'million', 'bucks', 'cool', 'stay', 'grizzy', 'fuck', 'like', 'fiddy', 'blud', 'dont', 'charge', 'back', 'back', 'aint', 'killing', 'buzz', 'youre', 'drizzy', 'wanna', 'aggy', 'niggas', 'aint', 'badding', 'werent', 'catching', 'roll', 'cause', 'jeans', 'werent', 'baggy', 'enough', 'hold', 'food', 'poking', 'waist', 'cant', 'hanging', 'theres', 'room', 'threats', 'head', 'cause', 'youre', 'savage', 'enough', 'youre', 'goon', 'standard', 'kill', 'standard', 'leave', 'boys', 'face', 'evening', 'standard', 'youre', 'standard', 'peng', 'tings', 'thats', 'standard', 'tell', 'standard', 'stormz', 'aint', 'standard', 'mans', 'mobo', 'awards', 'thats', 'standard', 'soon', 'plaques', 'wall', 'like', 'standard', 'slides', 'socks', 'feet', 'thats', 'standard', 'kill', 'standard', 'leave', 'boys', 'face', 'evening', 'standard', 'youre', 'standard', 'peng', 'tings', 'thats', 'standard', 'tell', 'standard', 'stormz', 'aint', 'standard', 'mans', 'mobo', 'awards', 'thats', 'standard', 'soon', 'plaques', 'wall', 'like', 'standard', 'slides', 'socks', 'feet', 'thats', 'standard']"
Stormzy+scary,Stormzy,scary,"['yeah', 'scary', 'sounds', 'going', 'away', 'back', 'nobodys', 'saying', 'name', 'track', 'nervous', 'start', 'merking', 'skengman', 'attack', 'shouldve', 'thought', 'twice', 'opened', 'trap', 'come', 'nuclear', 'strap', 'tell', 'shut', 'well', 'shut', 'shut', 'plaque', 'difference', 'might', 'come', 'blacked', 'tings', 'front', 'screaming', 'brap', 'merky2016', 'thought', 'gonna', 'fall', 'back', 'think', 'paid', 'brand', 'clothes', 'like', 'would', 'plus', 'apple', 'music', 'gave', 'brand', 'show', 'little', 'nigga', 'plug', 'plug', 'scene', 'plug', 'guys', 'tings', 'buzz', 'dont', 'wanna', 'real', 'thugs', 'dont', 'looking', 'stormz', 'like', 'cunt', 'wont', 'fuckboys', 'soon', 'karma', 'leave', 'pissed', 'like', 'split', 'partner', 'aint', 'brand', 'chain', 'roley', 'said', 'business', 'ghana', 'straight', 'stop', 'start', 'weight', 'talk', 'greaze', 'thats', 'fake', 'dere', 'never', 'dropped', 'heat', 'therefore', 'check', 'mans', 'tape', 'kick', 'mans', 'face', 'like', 'blacked', 'adidas', 'kicks', 'combats', 'please', 'dont', 'coke', 'cognac', 'rudeboy', 'suck', 'aint', 'yeah', 'pull', 'rewind', 'talk', 'dont', 'even', 'mind', 'dont', 'gassed', 'cause', 'headline', 'cause', 'declined', 'lost', 'faith', 'went', 'find', 'never', 'fluke', 'came', 'timed', 'mandem', 'shook', 'better', 'watch', 'throne', 'cant', 'look', 'behind', 'pussy', 'yeah', 'scary', 'assassination', 'sounds', 'going', 'away', 'back', 'nobodys', 'saying', 'name', 'raps', 'angry', 'move', 'anti', 'turn', 'mike', 'attack', 'albums', 'smell', 'cooking', 'wanna', 'chat', 'bout', 'proofs', 'pudding', 'tell', 'shut', 'well', 'shut', 'shut', 'booking', 'difference', 'face', 'hook', 'merky', 'events', 'might', 'book', 'peak', 'days', 'stop', 'looking', 'loud', 'packs', 'like', 'mine', 'cant', 'ends', 'like', 'mine', 'strap', 'hairline', 'push', 'back', 'like', 'mine', 'none', 'youts', 'like', 'mine', 'hear', 'mans', 'send', 'dying', 'anywhere', 'smoke', 'yeah', 'need', 'friend', 'like', 'mine', 'know', 'spun', 'remix', 'tried', 'faith', 'believers', 'keep', 'saying', 'overrated', 'like', 'yeah', 'cool', 'undefeated', 'peng', 'tings', 'dubai', 'spot', 'pool', 'taught', 'fight', 'fight', 'tools', 'dropped', 'pride', 'lost', 'fight', 'school', 'cool', 'pricks', 'hate', 'love', 'even', 'though', 'laugh', 'snaps', 'dont', 'chuck', 'everybodys', 'talking', 'light', 'fuck', 'spit', 'tune', 'buss', 'yeah', 'scary', 'sounds', 'merky2016']"
Stormzy+one take freestyle,Stormzy,one take freestyle,"['merky2016', 'dont', 'know', 'fuck', 'niggas', 'thought', 'merky2016', 'fucking', 'doughnuts', 'arent', 'fuck', 'merky2016', 'come', 'like', 'mans', 'smoking', 'fucking', 'rice', 'something', 'dont', 'know', 'merky2016', 'driller', 'bars', 'filler', 'wanna', 'career', 'bare', 'fuckboys', 'killers', 'figure', 'thinking', 'youre', 'bigger', 'think', 'white', 'friends', 'nigga', 'stand', 'like', 'thats', 'jigga', 'going', 'wicked', 'pick', 'strap', 'please', 'dont', 'twist', 'facts', 'pathetic', 'niggas', 'switch', 'games', 'long', 'winner', 'stays', 'pussy', 'dont', 'pick', 'gassed', 'gassed', 'death', 'threats', 'many', 'death', 'threats', 'tell', 'comes', 'aint', 'dead', 'ting', 'comes', 'aint', 'bled', 'still', 'school', 'legend', 'like', 'nedved', 'wait', 'wait', 'wait', 'wait', 'wait', 'start', 'dont', 'make', 'start', 'make', 'diss', 'tracks', 'chart', 'popped', 'game', 'aint', 'something', 'part', 'know', 'real', 'badboys', 'like', 'narcos', 'real', 'carlos', 'ghetts', 'spirit', 'inside', 'mumzy', 'primary', 'cocoa', 'butter', 'afro', 'comb', 'used', 'step', 'yard', 'face', 'shiny', 'know', 'ones', 'dark', 'reckless', 'bluejays', 'ting', 'breakfast', 'keeping', 'streets', 'aint', 'many', 'niggas', 'impressed', 'grown', 'arse', 'saying', 'name', 'embarrassing', 'wife', 'kids', 'embarrassing', 'like', 'embarrassing', 'wanna', 'start', 'thats', 'embarrassing', 'none', 'nominated', 'brits', 'taking', 'piss', 'embarrassing', 'force', 'like', 'anakin', 'year', 'slide', 'stop', 'panicking', 'next', 'year', 'going', 'dark', 'like', 'gwan', 'face', 'dark', 'last', 'year', 'told', 'mandem', 'nominated', 'youve', 'gotta', 'charts', 'chart', 'dont', 'come', 'lies', 'dont', 'start', 'deny', 'ting', 'calm', 'deny', 'ting', 'bark', 'stiff', 'chocolate', 'edible', 'type', 'smoke', 'medical', 'vibe', 'bring', 'girl', 'show', 'said', 'incredible', 'live', 'wanna', 'respond', 'would', 'schedule', 'tight', 'better', 'terrible', 'fucking', 'best', 'fucking', 'dead', 'keep', 'stupid', 'opinions', 'stupid', 'fucking', 'head', 'fucking', 'bred', 'comes', 'fucking', 'take', 'mash', 'remove', 'jump', 'front', 'truck', 'instead', 'clocked', 'mans', 'lost', 'held', 'beating', 'shouldve', 'stopped', 'mopped', 'chance', 'flopped', 'threatening', 'wont', 'make', 'heavyweight', 'champ', 'rudeboy', 'stop', 'fucking', 'hell', 'bruv', 'stopped']"
Stormzy+big for your boots,Stormzy,big for your boots,"['youre', 'getting', 'boots', 'youre', 'never', 'boot', 'size', 'twelves', 'feet', 'face', 'aint', 'boot', 'kick', 'yout', 'know', 'kick', 'yout', 'dere', 'tried', 'twist', 'truth', 'dare', 'twist', 'truth', 'look', 'youre', 'getting', 'boots', 'youre', 'never', 'boot', 'size', 'twelves', 'feet', 'face', 'aint', 'boot', 'kick', 'yout', 'know', 'kick', 'yout', 'dere', 'tried', 'twist', 'truth', 'dare', 'twist', 'truth', 'wanna', 'come', 'round', 'like', 'badboy', 'talking', 'running', 'party', 'bottle', 'bacard', 'bros', 'saying', 'stormz', 'dont', 'devil', 'shoulder', 'dont', 'lack', 'crowbar', 'dont', 'scrap', 'even', 'sober', 'gassed', 'ride', 'theres', 'mash', 'talking', 'bout', 'clown', 'stand', 'never', 'trey', 'pound', 'never', 'aint', 'never', 'little', 'nigga', 'back', 'wait', 'bare', 'kicks', 'bare', 'clothes', 'said', 'fuck', 'cant', 'wear', 'dont', 'like', 'theyre', 'ting', 'went', 'silent', 'theyre', 'weirdos', 'like', 'yeah', 'stormz', 'gone', 'clear', 'never', 'ford', 'moncler', 'mandem', 'calm', 'fuckries', 'tell', 'dont', 'dont', 'dare', 'dont', 'care', 'know', 'block', 'youre', 'capone', 'youll', 'boxed', 'take', 'creps', 'still', 'road', 'socks', 'like', 'whos', 'gonna', 'stop', 'weed', 'cigarette', 'blue', 'slims', 'dont', 'idiot', 'move', 'smart', 'killing', 'king', 'niggas', 'aint', 'ready', 'stuff', 'youre', 'prick', 'group', 'krept', 'went', 'states', 'bets', 'covering', 'krept', 'like', 'bootcut', 'thats', 'family', 'ting', 'straight', 'family', 'ting', 'broke', 'salary', 'ting', 'peng', 'ting', 'called', 'telling', 'come', 'round', 'valerie', 'ting', 'merky', 'academy', 'ting', 'coming', 'like', 'gallery', 'ting', 'dere', 'wanna', 'chat', 'bars', 'wanna', 'chat', 'crud', 'youre', 'getting', 'boots', 'youre', 'never', 'boot', 'size', 'twelves', 'feet', 'face', 'aint', 'boot', 'kick', 'yout', 'know', 'kick', 'yout', 'dere', 'tried', 'twist', 'truth', 'dare', 'twist', 'truth', 'look', 'youre', 'getting', 'boots', 'youre', 'never', 'boot', 'size', 'twelves', 'feet', 'face', 'aint', 'boot', 'kick', 'yout', 'know', 'kick', 'yout', 'dere', 'tried', 'twist', 'truth', 'dare', 'twist', 'truth', 'drug', 'money', 'shoebox', 'house', 'shows', 'sold', 'like', 'brudda', 'boondocks', 'beats', 'boombox', 'still', 'steal', 'meat', 'stew', 'mandem', 'sick', 'tune', 'drops', 'little', 'thats', 'hublot', 'hublot', 'pronounce', 'right', 'prick', 'yeah', 'dont', 'care', 'pipe', 'chick', 'stressed', 'bound', 'light', 'spliffs', 'wait', 'bound', 'ride', 'flipz', 'real', 'gonna', 'ride', 'around', 'time', 'write', 'diss', 'never', 'left', 'wasteman', 'ting', 'dont', 'care', 'rave', 'mans', 'came', 'relax', 'gets', 'young', 'take', 'mans', 'tings', 'tell', 'rebel', 'youre', 'never', 'rebel', 'singing', 'lungs', 'rudeboy', 'youre', 'never', 'adele', 'leave', 'yard', 'blow', 'kiss', 'girl', 'salute', 'sister', 'well', 'gotta', 'keep', 'trophies', 'mums', 'getting', 'shelf', 'bare', 'wanna', 'sideline', 'still', 'couple', 'bangers', 'pipeline', 'grown', 'bullshit', 'youre', 'getting', 'timeline', 'youre', 'getting', 'diss', 'shouldve', 'looked', 'kids', 'booth', 'home', 'never', 'late', 'commit', 'like', 'love', 'name', 'random', 'flight', 'plane', 'qatar', 'year', 'learnt', 'take', 'care', 'business', 'next', 'year', 'learn', 'play', 'guitar', 'youre', 'getting', 'boots', 'youre', 'never', 'boot', 'size', 'twelves', 'feet', 'face', 'aint', 'boot', 'kick', 'yout', 'know', 'kick', 'yout', 'dere', 'tried', 'twist', 'truth', 'dare', 'twist', 'truth', 'look', 'youre', 'getting', 'boots', 'youre', 'never', 'boot', 'size', 'twelves', 'feet', 'face', 'aint', 'boot', 'kick', 'yout', 'know', 'kick', 'yout', 'dere', 'tried', 'twist', 'truth', 'dare', 'twist', 'truth']"
Stormzy+vossi bop,Stormzy,vossi bop,"['merky', 'like', 'bruddas', 'dont', 'vossi', 'tell', 'girl', 'link', 'coffee', 'shop', 'getting', 'freaky', 'sheets', 'takin', 'body', 'shots', 'finish', 'facial', 'bruddas', 'dont', 'vossi', 'tell', 'girl', 'link', 'coffee', 'shop', 'getting', 'freaky', 'sheets', 'takin', 'body', 'shots', 'finish', 'facial', 'aint', 'clue', 'lets', 'honest', 'couple', 'seeds', 'made', 'forest', 'work', 'take', 'profit', 'lookin', 'girl', 'like', 'goddess', 'thank', 'rule', 'number', 'dont', 'make', 'promise', 'cant', 'keep', 'deal', 'honest', 'honest', 'could', 'never', 'chuck', 'norris', 'chuck', 'norris', 'fuck', 'government', 'fuck', 'boris', 'yeah', 'villain', 'killin', 'barrin', 'brothers', 'hood', 'like', 'movie', 'star', 'servicin', 'whip', 'phoned', 'boss', 'bring', 'could', 'probably', 'take', 'chick', 'wouldnt', 'cause', 'shes', 'jarrin', 'sauce', 'sauce', 'dont', 'know', 'thought', 'thoughts', 'catch', 'snow', 'sliders', 'shorts', 'shorts', 'chicks', 'tryna', 'brother', 'flipz', 'share', 'thoughts', 'think', 'tryna', 'tell', 'tell', 'dont', 'talk', 'dont', 'fuck', 'yeah', 'used', 'youre', 'stuck', 'wouldnt', 'even', 'luck', 'gyal', 'bougie', 'word', 'exclusive', 'word', 'chillin', 'dubai', 'know', 'inclusive', 'word', 'find', 'spirit', 'yeah', 'leave', 'alone', 'mind', 'fuckin', 'business', 'lookin', 'mirror', 'sayin', 'mikey', 'youre', 'illest', 'yeah', 'james', 'bond', 'tryna', 'live', 'movie', 'like', 'idris', 'telling', 'look', 'bruddas', 'dont', 'vossi', 'tell', 'girl', 'link', 'coffee', 'shop', 'getting', 'freaky', 'sheets', 'takin', 'body', 'shots', 'finish', 'facial', 'bruddas', 'dont', 'vossi', 'tell', 'girl', 'link', 'coffee', 'shop', 'getting', 'freaky', 'sheets', 'takin', 'body', 'shots', 'finish', 'facial', 'bruddas', 'dont', 'vossi', 'much', 'vossi', 'might', 'open', 'vossi', 'shop', 'mummy', 'sayin', 'need', 'sleep', 'flyin', 'overseas', 'always', 'fuckin', 'body', 'clock', 'stress', 'wrackin', 'brain', 'tell', 'likkle', 'fishes', 'back', 'name', 'aint', 'gotta', 'rapper', 'chain', 'rules', 'kinda', 'different', 'youre', 'baddin', 'game', 'straight', 'baddin', 'game', 'yeah', 'yeah', 'fake', 'bruddas', 'mandem', 'pretend', 'yeah', 'pussy', 'battlin', 'friends', 'insecure', 'joke', 'joke', 'need', 'girl', 'dior', 'cause', 'goat', 'still', 'goat', 'believe', 'source', 'raise', 'toast', 'raise', 'toast', 'genius', 'thoughts', 'make', 'told', 'save', 'need', 'homage', 'could', 'droppin', 'bangers', 'baby', 'mums', 'gyals', 'rude', 'word', 'wanna', 'nude', 'word', 'name', 'stiff', 'chocolate', 'nothing', 'left', 'prove', 'holes', 'lapel', 'rubbin', 'shoulders', 'girl', 'said', 'would', 'jail', 'well', 'guess', 'hold', 'tell', 'london', 'city', 'hottest', 'world', 'tellin', 'look', 'bruddas', 'dont', 'vossi', 'tell', 'girl', 'link', 'coffee', 'shop', 'getting', 'freaky', 'sheets', 'takin', 'body', 'shots', 'finish', 'facial', 'bruddas', 'dont', 'vossi', 'tell', 'girl', 'link', 'coffee', 'shop', 'getting', 'freaky', 'sheets', 'takin', 'body', 'shots', 'finish', 'facial']"
Stormzy+crown,Stormzy,crown,"['searchin', 'every', 'corner', 'mind', 'lookin', 'answers', 'cant', 'find', 'reasons', 'life', 'lessons', 'tried', 'grateful', 'count', 'blessings', 'heavy', 'head', 'wears', 'crown', 'amen', 'jesus', 'name', 'declare', 'little', 'seed', 'receive', 'share', 'bruddas', 'wanna', 'break', 'cant', 'bare', 'heavy', 'head', 'crown', 'still', 'wear', 'cant', 'hold', 'still', 'cope', 'rain', 'falling', 'brits', 'still', 'soaked', 'tried', 'hole', 'shit', 'well', 'build', 'boats', 'birds', 'stone', 'kill', 'pray', 'never', 'lose', 'pray', 'never', 'shelf', 'promise', 'youll', 'checkin', 'health', 'cool', 'people', 'anything', 'help', 'love', 'benefit', 'gotta', 'stay', 'around', 'make', 'comeback', 'know', 'mother', 'wants', 'back', 'sayin', 'voice', 'young', 'black', 'youth', 'yeah', 'cool', 'zoot', 'searchin', 'every', 'corner', 'mind', 'search', 'every', 'corner', 'look', 'answers', 'lookin', 'answers', 'cant', 'find', 'cant', 'find', 'silver', 'lining', 'reasons', 'life', 'lessons', 'tried', 'grateful', 'count', 'blessings', 'heavy', 'head', 'wears', 'crown', 'amen', 'jesus', 'name', 'claim', 'little', 'bread', 'make', 'break', 'bruddas', 'wanna', 'break', 'cant', 'take', 'done', 'scholarship', 'kids', 'said', 'racist', 'thats', 'anti', 'white', 'black', 'hang', 'wont', 'crack', 'fancy', 'ties', 'gold', 'plaques', 'never', 'silver', 'spoons', 'mouths', 'sold', 'like', 'dont', 'comment', 'culture', 'aint', 'qualified', 'stab', 'back', 'apologise', 'knew', 'story', 'youd', 'horrified', 'irony', 'trappin', 'boris', 'bike', 'gotta', 'stay', 'alive', 'save', 'brother', 'well', 'look', 'legends', 'cover', 'elle', 'long', 'time', 'comin', 'come', 'prevail', 'guess', 'little', 'heaven', 'come', 'hell', 'know', 'searchin', 'every', 'corner', 'mind', 'search', 'every', 'corner', 'look', 'answers', 'lookin', 'answers', 'cant', 'find', 'cant', 'find', 'silver', 'lining', 'reasons', 'life', 'lessons', 'tried', 'grateful', 'count', 'blessings', 'heavy', 'head', 'wears', 'crown', 'heavy', 'head', 'wears', 'crown']"
Stormzy+vossi bop (remix),Stormzy,vossi bop (remix),"['merky', 'like', 'bruddas', 'dont', 'vossi', 'tell', 'girl', 'link', 'coffee', 'shop', 'getting', 'freaky', 'sheets', 'takin', 'body', 'shots', 'finish', 'facial', 'bruddas', 'dont', 'vossi', 'tell', 'girl', 'link', 'coffee', 'shop', 'getting', 'freaky', 'sheets', 'takin', 'body', 'shots', 'finish', 'facial', 'aint', 'clue', 'lets', 'honest', 'couple', 'seeds', 'made', 'forest', 'work', 'take', 'profit', 'lookin', 'girl', 'like', 'goddess', 'thank', 'rule', 'number', 'dont', 'make', 'promise', 'cant', 'keep', 'deal', 'honest', 'honest', 'could', 'never', 'chuck', 'norris', 'chuck', 'norris', 'fuck', 'government', 'fuck', 'boris', 'yeah', 'villain', 'killin', 'barrin', 'brothers', 'hood', 'like', 'movie', 'star', 'servicin', 'whip', 'phoned', 'boss', 'bring', 'could', 'probably', 'take', 'chick', 'wouldnt', 'cause', 'shes', 'jarrin', 'sauce', 'sauce', 'dont', 'know', 'thought', 'thoughts', 'catch', 'snow', 'sliders', 'shorts', 'shorts', 'chicks', 'tryna', 'brother', 'flipz', 'share', 'thoughts', 'think', 'tryna', 'tell', 'tell', 'dont', 'talk', 'dont', 'fuck', 'yeah', 'used', 'youre', 'stuck', 'wouldnt', 'even', 'luck', 'gyal', 'bougie', 'word', 'exclusive', 'word', 'chillin', 'dubai', 'know', 'inclusive', 'word', 'find', 'spirit', 'yeah', 'leave', 'alone', 'mind', 'fuckin', 'business', 'lookin', 'mirror', 'sayin', 'mikey', 'youre', 'illest', 'yeah', 'james', 'bond', 'tryna', 'live', 'movie', 'like', 'idris', 'telling', 'look', 'bruddas', 'dont', 'vossi', 'tell', 'girl', 'link', 'coffee', 'shop', 'getting', 'freaky', 'sheets', 'takin', 'body', 'shots', 'finish', 'facial', 'bruddas', 'dont', 'vossi', 'tell', 'girl', 'link', 'coffee', 'shop', 'getting', 'freaky', 'sheets', 'takin', 'body', 'shots', 'finish', 'facial', 'bruddas', 'dont', 'vossi', 'much', 'vossi', 'might', 'open', 'vossi', 'shop', 'mummy', 'sayin', 'need', 'sleep', 'flyin', 'overseas', 'always', 'fuckin', 'body', 'clock', 'stress', 'wrackin', 'brain', 'tell', 'likkle', 'fishes', 'back', 'name', 'aint', 'gotta', 'rapper', 'chain', 'rules', 'kinda', 'different', 'youre', 'baddin', 'game', 'straight', 'baddin', 'game', 'yeah', 'yeah', 'fake', 'bruddas', 'mandem', 'pretend', 'yeah', 'pussy', 'battlin', 'friends', 'insecure', 'joke', 'joke', 'need', 'girl', 'dior', 'cause', 'goat', 'still', 'goat', 'believe', 'source', 'raise', 'toast', 'raise', 'toast', 'genius', 'thoughts', 'make', 'told', 'save', 'need', 'homage', 'could', 'droppin', 'bangers', 'baby', 'mums', 'gyals', 'rude', 'word', 'wanna', 'nude', 'word', 'name', 'stiff', 'chocolate', 'nothing', 'left', 'prove', 'holes', 'lapel', 'rubbin', 'shoulders', 'girl', 'said', 'would', 'jail', 'well', 'guess', 'hold', 'tell', 'london', 'city', 'hottest', 'world', 'tellin', 'look', 'bruddas', 'dont', 'vossi', 'tell', 'girl', 'link', 'coffee', 'shop', 'getting', 'freaky', 'sheets', 'takin', 'body', 'shots', 'finish', 'facial', 'bruddas', 'dont', 'vossi', 'tell', 'girl', 'link', 'coffee', 'shop', 'getting', 'freaky', 'sheets', 'takin', 'body', 'shots', 'finish', 'facial']"
J Hus+common sense,J Hus,common sense,"['styles', 'like', 'common', 'sense', 'hopped', 'benz', 'like', 'common', 'sense', 'monkey', 'feet', 'like', 'common', 'sense', 'gorillas', 'streets', 'like', 'common', 'sense', 'stack', 'money', 'heads', 'like', 'second', 'nature', 'gotta', 'stay', 'poled', 'like', 'second', 'nature', 'keep', 'chip', 'like', 'second', 'nature', 'bunda', 'make', 'stare', 'like', 'second', 'nature', 'disappear', 'like', 'second', 'nature', 'posted', 'block', 'like', 'hour', 'later', 'whole', 'team', 'eating', 'right', 'theres', 'spare', 'plate', 'youre', 'phony', 'type', 'ugly', 'innit', 'baby', 'minute', 'bunda', 'looking', 'wicked', 'started', 'gentle', 'stroke', 'game', 'mental', 'lifestyle', 'eventful', 'didnt', 'mean', 'offend', 'fendi', 'belt', 'saying', 'style', 'like', 'meant', 'moving', 'wild', 'mental', 'made', 'another', 'five', 'week', 'money', 'playing', 'hide', 'seek', 'dont', 'even', 'like', 'speak', 'tell', 'slide', 'automatic', 'hyundai', 'hyundai', 'hyundai', 'styles', 'like', 'common', 'sense', 'hopped', 'benz', 'like', 'common', 'sense', 'monkey', 'feet', 'like', 'common', 'sense', 'gorillas', 'streets', 'like', 'common', 'sense', 'stack', 'money', 'heads', 'like', 'second', 'nature', 'gotta', 'stay', 'poled', 'like', 'second', 'nature', 'keep', 'chip', 'like', 'second', 'nature', 'bunda', 'make', 'stare', 'like', 'second', 'nature', 'said', 'youre', 'gonna', 'havent', 'nigga', 'handling', 'handy', 'think', 'hammer', 'click', 'stick', 'like', 'happened', 'whys', 'working', 'bruv', 'whyd', 'think', 'lurking', 'bruv', 'creep', 'lean', 'witnesses', 'eavesdropping', 'keep', 'popping', 'keep', 'bopping', 'like', 'aint', 'seen', 'nuttin', 'dont', 'make', 'upset', 'reach', 'object', 'whos', 'passenger', 'brown', 'skin', 'chocolate', 'shes', 'body', 'breast', 'face', 'grip', 'thick', 'jugg', 'money', 'lick', 'youre', 'popping', 'never', 'popped', 'nuttin', 'nigga', 'stop', 'bluffing', 'opinion', 'always', 'destined', 'brilliance', 'wouldnt', 'rest', 'million', 'hitters', 'dressed', 'civilians', 'masked', 'looking', 'creepy', 'park', 'jump', 'spark', 'jump', 'skrr', 'round', 'like', 'easy', 'anybody', 'didnt', 'styles', 'like', 'common', 'sense', 'hopped', 'benz', 'like', 'common', 'sense', 'monkey', 'feet', 'like', 'common', 'sense', 'gorillas', 'streets', 'like', 'common', 'sense', 'stack', 'money', 'heads', 'like', 'second', 'nature', 'gotta', 'stay', 'poled', 'like', 'second', 'nature', 'keep', 'chip', 'like', 'second', 'nature', 'bunda', 'make', 'stare', 'like', 'second', 'nature', 'genes', 'know', 'mean', 'types', 'fuckery']"
J Hus+must be,J Hus,must be,"['jae5', 'youre', 'guilty', 'guilty', 'association', 'youre', 'guilty', 'youre', 'guilty', 'association', 'guilty', 'yeah', 'youre', 'guilty', 'association', 'yeah', 'walk', 'like', 'talk', 'like', 'smell', 'like', 'must', 'look', 'like', 'chill', 'hang', 'must', 'walk', 'like', 'talk', 'like', 'smell', 'like', 'must', 'look', 'like', 'chill', 'hang', 'must', 'seen', 'fucked', 'seen', 'locked', 'blammed', 'chopped', 'downtown', 'gwop', 'drop', 'gyal', 'crop', 'thumbs', 'funds', 'outside', 'stop', 'five', 'block', 'eating', 'coming', 'like', 'rambo', 'whos', 'really', 'stuff', 'homeless', 'columbo', 'sitting', 'stop', 'couple', 'show', 'tough', 'love', 'outside', 'bando', 'stand', 'ting', 'extendo', 'show', 'bangs', 'gyal', 'commando', 'take', 'pant', 'wish', 'bare', 'love', 'show', 'nuff', 'love', 'cool', 'beef', 'rest', 'slip', 'dash', 'self', 'everyone', 'walk', 'like', 'talk', 'like', 'smell', 'like', 'must', 'look', 'like', 'chill', 'hang', 'must', 'walk', 'like', 'talk', 'like', 'smell', 'like', 'must', 'look', 'like', 'chill', 'hang', 'must', 'laugh', 'opps', 'smile', 'opps', 'opps', 'make', 'opps', 'filthy', 'guilty', 'association', 'location', 'navigation', 'invasion', 'didnt', 'wanna', 'ride', 'temptation', 'every', 'time', 'ride', 'feel', 'sensation', 'every', 'time', 'speak', 'money', 'conversation', 'bring', 'part', 'money', 'operation', 'didnt', 'work', 'cause', 'miscommunication', 'black', 'boys', 'never', 'organisation', 'know', 'look', 'validation', 'information', 'think', 'need', 'confirmation', 'need', 'explanation', 'every', 'time', 'acceleration', 'walk', 'like', 'talk', 'like', 'smell', 'like', 'must', 'look', 'like', 'chill', 'hang', 'must', 'walk', 'like', 'talk', 'like', 'smell', 'like', 'must', 'look', 'like', 'chill', 'hang', 'must', 'guilty', 'youre', 'guilty', 'association', 'youre', 'guilty', 'youre', 'guilty', 'association', 'guilty', 'yeah', 'youre', 'guilty', 'association', 'yeah', 'walk', 'like', 'talk', 'like', 'smell', 'like', 'must', 'look', 'like', 'chill', 'hang', 'must', 'walk', 'like', 'talk', 'like', 'smell', 'like', 'must', 'look', 'like', 'chill', 'hang', 'must']"
J Hus+no denying,J Hus,no denying,"['theres', 'denying', 'army', 'rising', 'call', 'titan', 'thunder', 'lightning', 'circle', 'need', 'tightening', 'hustle', 'dive', 'strugglin', 'strivin', 'business', 'mindin', 'dont', 'tell', 'mind', 'already', 'know', 'psychic', 'time', 'crisis', 'strongest', 'wisest', 'free', 'lifers', 'rise', 'lighters', 'fully', 'rise', 'haffi', 'remove', 'virus', 'aint', 'seen', 'nothing', 'like', 'juju', 'live', 'flesh', 'know', 'livest', 'call', 'riders', 'call', 'strikers', 'dont', 'even', 'fear', 'death', 'dont', 'know', 'fearless', 'bare', 'chest', 'cant', 'come', 'nowhere', 'near', 'start', 'moving', 'careless', 'clap', 'thats', 'nearest', 'dont', 'various', 'serious', 'serious', 'juju', 'alias', 'alias', 'craziest', 'hundred', 'mile', 'radius', 'best', 'friend', 'anonymous', 'need', 'come', 'holler', 'shaking', 'chakras', 'gotta', 'stop', 'smoking', 'cannabis', 'every', 'different', 'challenges', 'never', 'worthy', 'challengers', 'different', 'calibres', 'every', 'wake', 'manifest', 'shot', 'impressed', 'girl', 'house', 'arrest', 'baby', 'girl', 'wish', 'best', 'roadside', 'playing', 'chess', 'niggas', 'less', 'know', 'miss', 'everyone', 'dont', 'like', 'could', 'write', 'list', 'fisherman', 'needs', 'bigger', 'fish', 'theres', 'denying', 'army', 'rising', 'call', 'titan', 'thunder', 'lightning', 'circle', 'need', 'tightening', 'hustle', 'dive', 'strugglin', 'strivin', 'business', 'mindin', 'dont', 'tell', 'mind', 'already', 'know', 'psychic', 'time', 'crisis', 'strongest', 'wisest', 'free', 'lifers', 'rise', 'lighters', 'fully', 'rise', 'haffi', 'remove', 'virus', 'anywhere', 'come', 'duppy', 'dont', 'bust', 'shotty', 'keep', 'powers', 'round', 'said', 'wouldve', 'bust', 'crowdy', 'dont', 'hear', 'dont', 'doubt', 'feel', 'hustling', 'smell', 'come', 'tell', 'hood', 'call', 'mamadou', 'dump', 'likkle', 'fucker', 'yute', 'know', 'cameroon', 'said', 'bonsam', 'coming', 'soon', 'right', 'goon', 'swear', 'born', 'silver', 'spoon', 'coulda', 'took', 'gyal', 'dere', 'room', 'took', 'gyal', 'dere', 'moon', 'dont', 'really', 'know', 'assume', 'uncle', 'youre', 'coon', 'spray', 'buffoon', 'spray', 'nothing', 'make', 'coming', 'friend', 'boot', 'might', 'give', 'alley', 'dont', 'know', 'roots', 'dilute', 'truth', 'cant', 'smoke', 'zoot', 'round', 'cause', 'always', 'twos', 'wheres', 'laces', 'wheres', 'shoes', 'come', 'like', 'passionfruit', 'dont', 'know', 'random', 'yutes', 'chilling', 'sipping', 'hooch', 'theres', 'denying', 'army', 'rising', 'call', 'titan', 'thunder', 'lightning', 'circle', 'need', 'tightening', 'hustle', 'dive', 'strugglin', 'strivin', 'business', 'mindin', 'dont', 'tell', 'mind', 'already', 'know', 'psychic', 'time', 'crisis', 'strongest', 'wisest', 'free', 'lifers', 'rise', 'lighters', 'fully', 'rise', 'haffi', 'remove', 'virus']"
J Hus+big conspiracy,J Hus,big conspiracy,"['keep', 'game', 'dont', 'find', 'lookin', 'cause', 'spin', 'round', 'theres', 'nothing', 'left', 'everything', 'came', 'blue', 'walk', 'right', 'like', 'aint', 'clue', 'sick', 'tired', 'lying', 'lookin', 'birds', 'view', 'wanna', 'judge', 'heard', 'conspiracy', 'true', 'black', 'belt', 'wasnt', 'kung', 'withdrew', 'never', 'suit', 'blazer', 'anything', 'know', 'major', 'live', 'doors', 'away', 'anastasia', 'peppered', 'shit', 'know', 'cannot', 'stay', 'everybody', 'look', 'like', 'secret', 'agent', 'drugs', 'like', 'ronald', 'reagan', 'talking', 'shit', 'dont', 'think', 'first', 'things', 'werent', 'bucked', 'occasion', 'theres', 'abiding', 'still', 'deciding', 'whether', 'riding', 'world', 'small', 'hard', 'find', 'nothing', 'dunya', 'satisfying', 'niggas', 'selling', 'nobodys', 'buying', 'jungle', 'lion', 'circus', 'lion', 'talk', 'smoke', 'never', 'banged', 'iron', 'betrays', 'inside', 'dont', 'find', 'lookin', 'cause', 'spin', 'round', 'theres', 'nothing', 'left', 'everything', 'came', 'blue', 'walk', 'right', 'like', 'aint', 'clue', 'sick', 'tired', 'lying', 'lookin', 'birds', 'view', 'wanna', 'judge', 'heard', 'conspiracy', 'true', 'black', 'belt', 'wasnt', 'kung', 'withdrew', 'real', 'nigga', 'make', 'alliance', 'didnt', 'word', 'talk', 'silence', 'cant', 'govern', 'show', 'defiance', 'look', 'deep', 'soul', 'youre', 'lookin', 'guidance', 'sent', 'nigga', 'back', 'carribb', 'islands', 'surviving', 'country', 'arriving', 'dont', 'like', 'donny', 'cause', 'conniving', 'dont', 'watch', 'donny', 'everyday', 'striving', 'dont', 'like', 'money', 'never', 'seen', 'grinding', 'know', 'cruddy', 'lighting', 'strike', 'aint', 'funny', 'perfect', 'timing', 'sometimes', 'motherfuckers', 'need', 'reminding', 'aint', 'crazy', 'karma', 'bite', 'like', 'tyson', 'crazy', 'road', 'life', 'enticing', 'crazy', 'underdogs', 'rising', 'dont', 'find', 'lookin', 'spin', 'round', 'theres', 'nothing', 'left', 'everything', 'came', 'blue', 'walk', 'right', 'like', 'aint', 'clue', 'cause', 'sick', 'tired', 'lying', 'lookin', 'birds', 'view', 'wanna', 'judge', 'heard', 'conspiracy', 'true', 'black', 'belt', 'wasnt', 'kung', 'withdrew']"
